/*
 Navicat Premium Data Transfer

 Source Server Type    : MySQL
 Source Server Version : 50734
 Source Schema         : generator

 Target Server Type    : MySQL
 Target Server Version : 50734
 File Encoding         : 65001

 Date: 30/08/2022 00:03:41
*/

SET NAMES utf8mb4;
SET FOREIGN_KEY_CHECKS = 0;

-- ----------------------------
-- Table structure for dict_type
-- ----------------------------
DROP TABLE IF EXISTS `dict_type`;
CREATE TABLE `dict_type`
(
    `id`          int(6) UNSIGNED                                         NOT NULL AUTO_INCREMENT COMMENT '主键',
    `name`        varchar(100) CHARACTER SET utf8 COLLATE utf8_general_ci NOT NULL COMMENT '名称',
    `code`        varchar(50) CHARACTER SET utf8 COLLATE utf8_general_ci  NOT NULL COMMENT '编码',
    `sort`        int(6) UNSIGNED                                         NOT NULL COMMENT '排序',
    `remark`      varchar(255) CHARACTER SET utf8 COLLATE utf8_general_ci NULL     DEFAULT NULL COMMENT '备注',
    `status`      tinyint(1) UNSIGNED                                     NOT NULL DEFAULT 1 COMMENT '状态（0停用 1正常）',
    `create_date` datetime                                                NOT NULL ON UPDATE CURRENT_TIMESTAMP COMMENT '创建时间',
    `update_date` datetime                                                NULL     DEFAULT NULL ON UPDATE CURRENT_TIMESTAMP COMMENT '更新时间',
    PRIMARY KEY (`id`) USING BTREE,
    UNIQUE INDEX `code_index` (`code`) USING BTREE
) ENGINE = InnoDB
  AUTO_INCREMENT = 7
  CHARACTER SET = utf8mb4
  COLLATE = utf8mb4_general_ci COMMENT = '系统字典类型表'
  ROW_FORMAT = DYNAMIC;

-- ----------------------------
-- Records of dict_type
-- ----------------------------
INSERT INTO `dict_type`
VALUES (1, '通用状态', 'common_status', 1, '', 1, NOW(), Null);
INSERT INTO `dict_type`
VALUES (2, '是否标识', 'status', 2, NULL, 1, NOW(), Null);
INSERT INTO `dict_type`
VALUES (3, '数据库类型', 'database_type', 3, NULL, 1, NOW(), Null);
INSERT INTO `dict_type`
VALUES (4, 'java数据类型', 'java_data_type', 4, NULL, 1, NOW(), Null);
INSERT INTO `dict_type`
VALUES (5, '网页标签', 'web_label', 5, NULL, 1, NOW(), Null);
INSERT INTO `dict_type`
VALUES (6, '查询条件', 'query_type', 6, NULL, 1, NOW(), Null);

-- ----------------------------
-- Table structure for dict_data
-- ----------------------------
DROP TABLE IF EXISTS `dict_data`;
CREATE TABLE `dict_data`
(
    `id`          int(6) UNSIGNED                                         NOT NULL AUTO_INCREMENT COMMENT '主键',
    `type_id`     int(6)                                                  NOT NULL COMMENT '字典类型id',
    `name`        text CHARACTER SET utf8 COLLATE utf8_general_ci         NOT NULL COMMENT '字典名称',
    `value`       varchar(50) CHARACTER SET utf8 COLLATE utf8_general_ci  NOT NULL COMMENT '编码',
    `sort`        int(6) UNSIGNED                                         NOT NULL COMMENT '排序',
    `remark`      varchar(255) CHARACTER SET utf8 COLLATE utf8_general_ci NULL     DEFAULT NULL COMMENT '备注',
    `status`      tinyint(1) UNSIGNED                                     NOT NULL DEFAULT 1 COMMENT '状态（0正常 1停用）',
    `create_date` datetime                                                NOT NULL ON UPDATE CURRENT_TIMESTAMP COMMENT '创建时间',
    `update_date` datetime                                                NULL     DEFAULT NULL ON UPDATE CURRENT_TIMESTAMP COMMENT '更新时间',
    PRIMARY KEY (`id`) USING BTREE
) ENGINE = InnoDB
  AUTO_INCREMENT = 29
  CHARACTER SET = utf8mb4
  COLLATE = utf8mb4_general_ci COMMENT = '系统字典值表'
  ROW_FORMAT = DYNAMIC;

-- ----------------------------
-- Records of dict_data
-- ----------------------------
INSERT INTO `dict_data`
VALUES (1, 1, '停用', '0', 1, NULL, 1, NOW(), NULL);
INSERT INTO `dict_data`
VALUES (2, 1, '正常', '1', 2, NULL, 1, NOW(), NULL);
INSERT INTO `dict_data`
VALUES (3, 2, '否', '0', 1, NULL, 1, NOW(), NULL);
INSERT INTO `dict_data`
VALUES (4, 2, '是', '1', 2, NULL, 1, NOW(), NULL);
INSERT INTO `dict_data`
VALUES (5, 3, 'MySQL', '0', 1, NULL, 1, NOW(), NULL);
INSERT INTO `dict_data`
VALUES (6, 3, 'PostgreSQL', '1', 2, NULL, 1, NOW(), NULL);
INSERT INTO `dict_data`
VALUES (7, 3, 'Oracle', '2', 3, NULL, 1, NOW(), NULL);
INSERT INTO `dict_data`
VALUES (8, 3, 'SQLite', '3', 4, NULL, 1, NOW(), NULL);
INSERT INTO `dict_data`
VALUES (9, 3, 'MariaDB', '4', 5, NULL, 1, NOW(), NULL);
INSERT INTO `dict_data`
VALUES (10, 4, 'String', 'String', 1, NULL, 1, NOW(), NULL);
INSERT INTO `dict_data`
VALUES (11, 4, 'Integer', 'Integer', 2, NULL, 1, NOW(), NULL);
INSERT INTO `dict_data`
VALUES (12, 4, 'Float', 'Float', 3, NULL, 1, NOW(), NULL);
INSERT INTO `dict_data`
VALUES (13, 4, 'Double', 'Double', 4, NULL, 1, NOW(), NULL);
INSERT INTO `dict_data`
VALUES (14, 4, 'Long', 'Long', 5, NULL, 1, NOW(), NULL);
INSERT INTO `dict_data`
VALUES (15, 4, 'Boolean', 'Boolean', 6, NULL, 1, NOW(), NULL);
INSERT INTO `dict_data`
VALUES (16, 4, 'LocalDateTime', 'LocalDateTime', 7, NULL, 1, NOW(), NULL);
INSERT INTO `dict_data`
VALUES (17, 4, 'BigDecimal', 'BigDecimal', 8, NULL, 1, NOW(), NULL);
INSERT INTO `dict_data`
VALUES (18, 5, '输入框', 'input', 1, NULL, 1, NOW(), NULL);
INSERT INTO `dict_data`
VALUES (19, 5, '文本域', 'text', 2, NULL, 1, NOW(), NULL);
INSERT INTO `dict_data`
VALUES (20, 5, '下拉框', 'dropdown', 3, NULL, 1, NOW(), NULL);
INSERT INTO `dict_data`
VALUES (21, 5, '复选框', 'checkbox', 4, NULL, 1, NOW(), NULL);
INSERT INTO `dict_data`
VALUES (22, 5, '单选框', 'radio', 5, NULL, 1, NOW(), NULL);
INSERT INTO `dict_data`
VALUES (23, 5, '日期控件', 'datetime', 6, NULL, 1, NOW(), NULL);
INSERT INTO `dict_data`
VALUES (24, 6, '等于', 'eq', 1, NULL, 1, NOW(), NULL);
INSERT INTO `dict_data`
VALUES (25, 6, '不等于', 'ne', 2, NULL, 1, NOW(), NULL);
INSERT INTO `dict_data`
VALUES (26, 6, '大于', 'gt', 3, NULL, 1, NOW(), NULL);
INSERT INTO `dict_data`
VALUES (27, 6, '小于', 'lt', 4, NULL, 1, NOW(), NULL);
INSERT INTO `dict_data`
VALUES (28, 6, '范围', 'like', 5, NULL, 1, NOW(), NULL);

-- ----------------------------
-- Table structure for gen_database
-- ----------------------------
DROP TABLE IF EXISTS `gen_database`;
CREATE TABLE `gen_database`
(
    `id`                int(10) UNSIGNED                                              NOT NULL AUTO_INCREMENT COMMENT '主键',
    `address`           varchar(100) CHARACTER SET utf8mb4 COLLATE utf8mb4_general_ci NOT NULL COMMENT '数据库地址',
    `port`              varchar(6) CHARACTER SET utf8mb4 COLLATE utf8mb4_general_ci   NOT NULL COMMENT '数据库端口',
    `name`              varchar(255) CHARACTER SET utf8mb4 COLLATE utf8mb4_general_ci NOT NULL COMMENT '库名称',
    `type`              tinyint(1) UNSIGNED                                           NOT NULL DEFAULT 0 COMMENT '数据库类型',
    `driver_class_name` varchar(255) CHARACTER SET utf8mb4 COLLATE utf8mb4_general_ci NOT NULL COMMENT '数据库驱动',
    `user_name`         text CHARACTER SET utf8mb4 COLLATE utf8mb4_general_ci         NOT NULL COMMENT '用户名',
    `password`          text CHARACTER SET utf8mb4 COLLATE utf8mb4_general_ci         NOT NULL COMMENT '密码（私钥加密）',
    `create_date`       datetime                                                      NOT NULL ON UPDATE CURRENT_TIMESTAMP COMMENT '创建时间',
    `update_date`       datetime                                                      NULL     DEFAULT NULL ON UPDATE CURRENT_TIMESTAMP COMMENT '更新时间',
    PRIMARY KEY (`id`) USING BTREE
) ENGINE = InnoDB
  AUTO_INCREMENT = 2
  CHARACTER SET = utf8mb4
  COLLATE = utf8mb4_general_ci COMMENT = '数据库详情表'
  ROW_FORMAT = DYNAMIC;

-- ----------------------------
-- Records of gen_database
-- ----------------------------
INSERT INTO `gen_database`
VALUES (1, '127.0.0.1', '3307', 'test', 0, 'com.mysql.cj.jdbc.Driver', '8cCecqELZ8XtwYC/QapS+w==',
        '7y70KOTZiM+w0anSwuhpOA==', NOW(), null);

-- ----------------------------
-- Table structure for gen_system_config
-- ----------------------------
DROP TABLE IF EXISTS `gen_system_config`;
CREATE TABLE `gen_system_config`
(
    `id`          int(10) UNSIGNED                                      NOT NULL AUTO_INCREMENT COMMENT 'id',
    `private_key` text CHARACTER SET utf8mb4 COLLATE utf8mb4_general_ci NULL COMMENT '私钥',
    `public_key`  text CHARACTER SET utf8mb4 COLLATE utf8mb4_general_ci NULL COMMENT '公钥',
    `salt`        text CHARACTER SET utf8mb4 COLLATE utf8mb4_general_ci NULL COMMENT '盐',
    `state`       tinyint(1) UNSIGNED                                   NOT NULL DEFAULT 1 COMMENT '盐是否持久化(0:否 1:是)',
    `create_date` datetime                                              NOT NULL ON UPDATE CURRENT_TIMESTAMP COMMENT '创建时间',
    `update_date` datetime                                              NULL     DEFAULT NULL ON UPDATE CURRENT_TIMESTAMP COMMENT '修改时间',
    PRIMARY KEY (`id`) USING BTREE
) ENGINE = InnoDB
  AUTO_INCREMENT = 2
  CHARACTER SET = utf8mb4
  COLLATE = utf8mb4_general_ci COMMENT = '系统配置表'
  ROW_FORMAT = DYNAMIC;

-- ----------------------------
-- Records of gen_system_config
-- ----------------------------
INSERT INTO `gen_system_config`
VALUES (1,
        'MIICdwIBADANBgkqhkiG9w0BAQEFAASCAmEwggJdAgEAAoGBAI/Ce+SRYmPbM5bzEvR+f5tAsmizhziUy4YG8FnelYNhAxz2FJagnB4Rk+cQjBAg7pjsMg87ofS9kfJA16/iZbRfepYIo0YsyfyEzcj3P3QW5M1ryGgHxAmbY8/+p3d283hxaNVlBJLyZgn9Dewjui2/Ims5AtNLZ2K9g5LJy7XrAgMBAAECgYEAjPRCCdBKymHo6X6X/UXy1ETRKTutv9qU22r+Sv+lVVXPeZwGf9ImgIz3mb1tt3qytxoP00PC/nbJHOBbGsc+s+0YgGT5K3CPQUBJ8eulFQpZS8YG6a5MCN4R1pbLHp0VEyx3TJd7rtTWWLxRmpd6UyoFjrJdddagg46uy30lR0ECQQDOjMf5F8Orw3qZJ/ADAco7gXnlXh00/id5lCLKWZeziDK58RiFQ0Sqo4NBLfFV3pt7q7/VnOZH6jTXHI1Lr+gRAkEAsi1b1+AICe1ABR3Li7bYIPRHBrIBHZm4f96GrVZi2aBy7aGpGkUmJuldCxUO3vP/kMXkKOOum92EqFC3+zeaOwJAO1BqTLnqUvT7y+eQIQzuilAQNTHlqUYjB+Lmar13tvKxvnvh0sMSgP4bvyf2WfZnKAiWOj2oU5aKPgvQ9584QQJBAK9FV1dgFghNzfA6gwQI9UpVgZjgeaB4mrmOWMUieVLDNsrzf7lL1F/qp5BDQsGnG/t57xsZ/aVtnxVDcfg5lgkCQBUJgZauo5SSeB8h3tpHE+j+4EIdvi1LcD3AB2BYfVgohB7DA3iOA2Z4el84pbiVsidI9uFMa0rbWFN6Duy76pQ=',
        'MIGfMA0GCSqGSIb3DQEBAQUAA4GNADCBiQKBgQCPwnvkkWJj2zOW8xL0fn+bQLJos4c4lMuGBvBZ3pWDYQMc9hSWoJweEZPnEIwQIO6Y7DIPO6H0vZHyQNev4mW0X3qWCKNGLMn8hM3I9z90FuTNa8hoB8QJm2PP/qd3dvN4cWjVZQSS8mYJ/Q3sI7otvyJrOQLTS2divYOSycu16wIDAQAB',
        'S3xrre5rM0SBHUDRGpX7Zj5PsG0ynJ2A6LfYS/NzVD5cJqz+NHmtsxSE4YAmYo8O332XksC+Qm6WcjtCzHKLA/Z1dpNXbqGR2Kvyh4V/QPhyjOV+nluwP7QQqEcddz59XGySjJYuMqZNYKoSa719j3vhH1cf4r1goNLWRfA2FK4=',
        1, now(), null);

-- ----------------------------
-- Table structure for gen_table
-- ----------------------------
DROP TABLE IF EXISTS `gen_table`;
CREATE TABLE `gen_table`
(
    `id`            int(10) UNSIGNED                                              NOT NULL AUTO_INCREMENT COMMENT '主键',
    `database_id`   int(10) UNSIGNED                                              NOT NULL COMMENT '数据库id',
    `table_name`    varchar(255) CHARACTER SET utf8mb4 COLLATE utf8mb4_general_ci NOT NULL COMMENT '表名称',
    `table_comment` varchar(255) CHARACTER SET utf8mb4 COLLATE utf8mb4_general_ci NULL DEFAULT NULL COMMENT '表描述',
    `object_name`   varchar(255) CHARACTER SET utf8mb4 COLLATE utf8mb4_general_ci NOT NULL COMMENT '对象名',
    `business_name` varchar(255) CHARACTER SET utf8mb4 COLLATE utf8mb4_general_ci NULL DEFAULT NULL COMMENT '业务名',
    `function_name` varchar(255) CHARACTER SET utf8mb4 COLLATE utf8mb4_general_ci NULL DEFAULT NULL COMMENT '功能名',
    `config_id`     int(10) UNSIGNED                                              NOT NULL COMMENT '配置表id',
    `create_date`   datetime                                                      NULL DEFAULT NULL ON UPDATE CURRENT_TIMESTAMP COMMENT '创建时间',
    `update_date`   datetime                                                      NULL DEFAULT NULL ON UPDATE CURRENT_TIMESTAMP COMMENT '更新时间',
    PRIMARY KEY (`id`) USING BTREE
) ENGINE = InnoDB
  AUTO_INCREMENT = 1
  CHARACTER SET = utf8mb4
  COLLATE = utf8mb4_general_ci COMMENT = '表详情表'
  ROW_FORMAT = DYNAMIC;

-- ----------------------------
-- Table structure for gen_table_column
-- ----------------------------
DROP TABLE IF EXISTS `gen_table_column`;
CREATE TABLE `gen_table_column`
(
    `id`             int(10) UNSIGNED                                              NOT NULL AUTO_INCREMENT COMMENT '主键',
    `table_id`       int(10) UNSIGNED                                              NOT NULL COMMENT '表id',
    `column_name`    varchar(100) CHARACTER SET utf8mb4 COLLATE utf8mb4_general_ci NOT NULL COMMENT '字段名',
    `column_comment` varchar(255) CHARACTER SET utf8mb4 COLLATE utf8mb4_general_ci NULL     DEFAULT NULL COMMENT '字段描述',
    `sort`           int(6)                                                        NULL     DEFAULT NULL COMMENT '排序',
    `column_type`    varchar(50) CHARACTER SET utf8mb4 COLLATE utf8mb4_general_ci  NOT NULL COMMENT '列类型',
    `is_primary_key` tinyint(1) UNSIGNED                                           NOT NULL DEFAULT 0 COMMENT '是否主键（0否，1是）',
    `is_increment`   tinyint(1) UNSIGNED                                           NOT NULL DEFAULT 0 COMMENT '是否自增（0否，1是）',
    `is_required`    tinyint(1) UNSIGNED                                           NOT NULL DEFAULT 1 COMMENT '是否为空（0否，1是）',
    `java_type`      varchar(25) CHARACTER SET utf8mb4 COLLATE utf8mb4_general_ci  NOT NULL DEFAULT 'String' COMMENT 'JAVA类型',
    `java_field`     varchar(100) CHARACTER SET utf8mb4 COLLATE utf8mb4_general_ci NULL     DEFAULT NULL COMMENT 'JAVA字段名',
    `is_insert`      tinyint(1)                                                    NOT NULL DEFAULT 1 COMMENT '是否为插入字段（0否，1是）',
    `is_edit`        tinyint(1)                                                    NOT NULL DEFAULT 1 COMMENT '是否编辑字段（0否，1是）',
    `is_list`        tinyint(1)                                                    NOT NULL DEFAULT 1 COMMENT '是否列表字段（0否，1是）',
    `is_query`       tinyint(1)                                                    NOT NULL DEFAULT 1 COMMENT '是否查询字段（0否，1是）',
    `query_type`     varchar(4) CHARACTER SET utf8mb4 COLLATE utf8mb4_general_ci   NULL     DEFAULT NULL COMMENT '查询方式（等于-eq、不等于-ne、大于-gt、小于-lt、范围-like）',
    `html_type`      varchar(10) CHARACTER SET utf8mb4 COLLATE utf8mb4_general_ci  NOT NULL DEFAULT 'input' COMMENT '显示类型（文本框-input、文本域-text、下拉框-dropdown、复选框-checkbox、单选框-radio、日期控件-datetime）',
    `dict_type`      varchar(50) CHARACTER SET utf8mb4 COLLATE utf8mb4_general_ci  NULL     DEFAULT '' COMMENT '字典类型',
    `create_date`    datetime                                                      NULL     DEFAULT NULL ON UPDATE CURRENT_TIMESTAMP COMMENT '创建时间',
    `update_date`    datetime                                                      NULL     DEFAULT NULL ON UPDATE CURRENT_TIMESTAMP COMMENT '更新时间',
    PRIMARY KEY (`id`) USING BTREE
) ENGINE = InnoDB
  AUTO_INCREMENT = 1
  CHARACTER SET = utf8mb4
  COLLATE = utf8mb4_general_ci COMMENT = '字段详情表'
  ROW_FORMAT = DYNAMIC;

-- ----------------------------
-- Table structure for gen_table_config
-- ----------------------------
DROP TABLE IF EXISTS `gen_table_config`;
CREATE TABLE `gen_table_config`
(
    `id`            int(10) UNSIGNED                                              NOT NULL AUTO_INCREMENT COMMENT 'id',
    `name`          varchar(255) CHARACTER SET utf8mb4 COLLATE utf8mb4_general_ci NOT NULL COMMENT '配置名稱',
    `author`        varchar(30) CHARACTER SET utf8mb4 COLLATE utf8mb4_general_ci  NULL     DEFAULT NULL COMMENT '作者',
    `package_name`  varchar(255) CHARACTER SET utf8mb4 COLLATE utf8mb4_general_ci NULL     DEFAULT NULL COMMENT '包名',
    `module_name`   varchar(255) CHARACTER SET utf8mb4 COLLATE utf8mb4_general_ci NULL     DEFAULT NULL COMMENT '模块名',
    `date_format`   varchar(60) CHARACTER SET utf8mb4 COLLATE utf8mb4_general_ci  NULL     DEFAULT NULL COMMENT '时间格式',
    `table_prefix`  varchar(255) CHARACTER SET utf8mb4 COLLATE utf8mb4_general_ci NULL     DEFAULT NULL COMMENT '表前綴',
    `remove_prefix` tinyint(1) UNSIGNED                                           NOT NULL DEFAULT 0 COMMENT '移除表前綴(0 否 1 是)',
    `create_date`   datetime                                                      NULL     DEFAULT NULL ON UPDATE CURRENT_TIMESTAMP COMMENT '创建时间',
    PRIMARY KEY (`id`) USING BTREE
) ENGINE = InnoDB
  AUTO_INCREMENT = 4
  CHARACTER SET = utf8mb4
  COLLATE = utf8mb4_general_ci COMMENT = '配置表'
  ROW_FORMAT = Dynamic;

-- ----------------------------
-- Records of gen_table_config
-- ----------------------------
INSERT INTO `gen_table_config`
VALUES (1, '默認', 'Joshua', 'com.moonlit', 'generator', NULL, 'gen_', 1, NOW());
INSERT INTO `gen_table_config`
VALUES (2, '測試1', 'Kings', 'com.test', NULL, 'dd/MM/yyyy HH:mm', 'system_', 1, NOW());
INSERT INTO `gen_table_config`
VALUES (3, '測試', 'Kings', 'com.test', 'demo', NULL, NULL, 0, NOW());

-- ----------------------------
-- Table structure for gen_template_collection
-- ----------------------------
DROP TABLE IF EXISTS `gen_template_collection`;
CREATE TABLE `gen_template_collection`
(
    `id`          int(10) UNSIGNED                                             NOT NULL AUTO_INCREMENT COMMENT 'id',
    `name`        varchar(30) CHARACTER SET utf8mb4 COLLATE utf8mb4_general_ci NOT NULL COMMENT '模板名称',
    `state`       tinyint(1)                                                   NOT NULL DEFAULT 1 COMMENT '状态（0否、1是）',
    `create_date` datetime                                                     NOT NULL COMMENT '创建时间',
    PRIMARY KEY (`id`) USING BTREE
) ENGINE = InnoDB
  AUTO_INCREMENT = 7
  CHARACTER SET = utf8mb4
  COLLATE = utf8mb4_general_ci COMMENT = '模板组表'
  ROW_FORMAT = Dynamic;

-- ----------------------------
-- Records of gen_template_collection
-- ----------------------------
INSERT INTO `gen_template_collection`
VALUES (1, '默认', 1, NOW());
INSERT INTO `gen_template_collection`
VALUES (2, 'Java', 1, NOW());
INSERT INTO `gen_template_collection`
VALUES (3, 'Sql', 1, NOW());
INSERT INTO `gen_template_collection`
VALUES (4, 'Vue', 1, NOW());
INSERT INTO `gen_template_collection`
VALUES (5, 'Xml', 1, NOW());
INSERT INTO `gen_template_collection`
VALUES (6, 'Js', 1, NOW());

-- ----------------------------
-- Table structure for gen_template_config
-- ----------------------------
DROP TABLE IF EXISTS `gen_template_config`;
CREATE TABLE `gen_template_config`
(
    `id`            int(10) UNSIGNED                                             NOT NULL AUTO_INCREMENT COMMENT 'id',
    `collection_id` int(10)                                                      NOT NULL DEFAULT 1 COMMENT '模板組id',
    `name`          varchar(60) CHARACTER SET utf8mb4 COLLATE utf8mb4_general_ci NOT NULL COMMENT '名称',
    `template`      longtext CHARACTER SET utf8mb4 COLLATE utf8mb4_general_ci    NULL COMMENT '模板',
    `suffix_name`   varchar(10) CHARACTER SET utf8mb4 COLLATE utf8mb4_general_ci NOT NULL COMMENT '模板后缀名',
    `display`       tinyint(1) UNSIGNED                                          NOT NULL DEFAULT 0 COMMENT '展示（0:否 1:是）',
    `state`         tinyint(1) UNSIGNED                                          NOT NULL DEFAULT 1 COMMENT '状态（0:否 1:是）',
    `create_date`   datetime                                                     NULL     DEFAULT NULL COMMENT '创建时间',
    PRIMARY KEY (`id`) USING BTREE
) ENGINE = InnoDB
  AUTO_INCREMENT = 19
  CHARACTER SET = utf8mb4
  COLLATE = utf8mb4_general_ci COMMENT = '模板配置表'
  ROW_FORMAT = Dynamic;

-- ----------------------------
-- Records of gen_template_config
-- ----------------------------
INSERT INTO `gen_template_config`
VALUES (1, 1, 'Controller',
        '<pre class=\"ql-syntax\" spellcheck=\"false\">package <span class=\"hljs-string\">${</span>packageName}&lt;<span class=\"hljs-symbol\">#if</span> moduleName??&gt;.<span class=\"hljs-string\">${</span>moduleName}&lt;/<span class=\"hljs-symbol\">#if</span>&gt;.controller;\n\nimport <span class=\"hljs-string\">${</span>packageName}&lt;<span class=\"hljs-symbol\">#if</span> moduleName??&gt;.<span class=\"hljs-string\">${</span>moduleName}&lt;/<span class=\"hljs-symbol\">#if</span>&gt;.common.page.<span class=\"hljs-type\">PageResult</span>;\nimport <span class=\"hljs-string\">${</span>packageName}&lt;<span class=\"hljs-symbol\">#if</span> moduleName??&gt;.<span class=\"hljs-string\">${</span>moduleName}&lt;/<span class=\"hljs-symbol\">#if</span>&gt;.common.response.<span class=\"hljs-type\">Result</span>;\nimport <span class=\"hljs-string\">${</span>packageName}&lt;<span class=\"hljs-symbol\">#if</span> moduleName??&gt;.<span class=\"hljs-string\">${</span>moduleName}&lt;/<span class=\"hljs-symbol\">#if</span>&gt;.entity.<span class=\"hljs-string\">${</span>className};\nimport <span class=\"hljs-string\">${</span>packageName}&lt;<span class=\"hljs-symbol\">#if</span> moduleName??&gt;.<span class=\"hljs-string\">${</span>moduleName}&lt;/<span class=\"hljs-symbol\">#if</span>&gt;.service.<span class=\"hljs-string\">${</span>className}<span class=\"hljs-type\">Service</span>;\nimport org.springframework.beans.factory.annotation.<span class=\"hljs-type\">Autowired</span>;\nimport org.springframework.web.bind.annotation.*;\n\nimport java.util.<span class=\"hljs-type\">List</span>;\n\n/**\n&nbsp;* &lt;<span class=\"hljs-symbol\">#if</span> comment??&gt;<span class=\"hljs-string\">${</span>comment}&lt;/<span class=\"hljs-symbol\">#if</span>&gt;控制层\n&nbsp;*\n&nbsp;* @author <span class=\"hljs-string\">${</span>author}\n&nbsp;* @version <span class=\"hljs-number\">1.0</span>\n&nbsp;* @date <span class=\"hljs-string\">${</span>datetime}\n&nbsp;*/\n@<span class=\"hljs-type\">RestController</span>\n@<span class=\"hljs-type\">RequestMapping</span>(<span class=\"hljs-comment\">\"/${businessName}\"</span>)\npublic class <span class=\"hljs-string\">${</span>className}<span class=\"hljs-type\">Controller</span> {\n\n&nbsp; &nbsp; @<span class=\"hljs-type\">Autowired</span>\n&nbsp; &nbsp; private <span class=\"hljs-string\">${</span>className}<span class=\"hljs-type\">Service</span> <span class=\"hljs-string\">${</span>objectName}<span class=\"hljs-type\">Service</span>;\n\n&nbsp; &nbsp; /**\n&nbsp; &nbsp; &nbsp;* 分页查询&lt;<span class=\"hljs-symbol\">#if</span> comment??&gt;<span class=\"hljs-string\">${</span>comment}&lt;/<span class=\"hljs-symbol\">#if</span>&gt;\n&nbsp; &nbsp; &nbsp;*\n&nbsp; &nbsp; &nbsp;* @param <span class=\"hljs-string\">${</span>objectName} &lt;<span class=\"hljs-symbol\">#if</span> comment??&gt;<span class=\"hljs-string\">${</span>comment}&lt;/<span class=\"hljs-symbol\">#if</span>&gt;实体\n&nbsp; &nbsp; &nbsp;* @return <span class=\"hljs-string\">${</span>comment}集合\n&nbsp; &nbsp; &nbsp;*/\n&nbsp; &nbsp; @<span class=\"hljs-type\">GetMapping</span>(<span class=\"hljs-comment\">\"/pageList\"</span>)\n&nbsp; &nbsp; public <span class=\"hljs-type\">Result</span>&lt;<span class=\"hljs-type\">PageResult</span>&lt;<span class=\"hljs-string\">${</span>className}&gt;&gt; page(<span class=\"hljs-string\">${</span>className} <span class=\"hljs-string\">${</span>objectName}) {\n&nbsp; &nbsp; &nbsp; &nbsp; return <span class=\"hljs-type\">Result</span>.success(<span class=\"hljs-string\">${</span>objectName}<span class=\"hljs-type\">Service</span>.pageList(<span class=\"hljs-string\">${</span>objectName}));\n&nbsp; &nbsp; }\n\n&nbsp; &nbsp; /**\n&nbsp; &nbsp; &nbsp;* 查询&lt;<span class=\"hljs-symbol\">#if</span> comment??&gt;<span class=\"hljs-string\">${</span>comment}&lt;/<span class=\"hljs-symbol\">#if</span>&gt;列表\n&nbsp; &nbsp; &nbsp;*\n&nbsp; &nbsp; &nbsp;* @param <span class=\"hljs-string\">${</span>objectName} &lt;<span class=\"hljs-symbol\">#if</span> comment??&gt;<span class=\"hljs-string\">${</span>comment}&lt;/<span class=\"hljs-symbol\">#if</span>&gt;实体\n&nbsp; &nbsp; &nbsp;* @return <span class=\"hljs-string\">${</span>comment}集合\n&nbsp; &nbsp; &nbsp;*/\n&nbsp; &nbsp; @<span class=\"hljs-type\">GetMapping</span>(<span class=\"hljs-comment\">\"/list\"</span>)\n&nbsp; &nbsp; public <span class=\"hljs-type\">Result</span>&lt;<span class=\"hljs-type\">List</span>&lt;<span class=\"hljs-string\">${</span>className}&gt;&gt; list(<span class=\"hljs-string\">${</span>className} <span class=\"hljs-string\">${</span>objectName}) {\n&nbsp; &nbsp; &nbsp; &nbsp;return <span class=\"hljs-type\">Result</span>.success(<span class=\"hljs-string\">${</span>objectName}<span class=\"hljs-type\">Service</span>.select<span class=\"hljs-string\">${</span>className}<span class=\"hljs-type\">List</span>(<span class=\"hljs-string\">${</span>objectName}));\n&nbsp; &nbsp; }\n\n&nbsp; &nbsp; /**\n&nbsp; &nbsp; &nbsp;* 新增&lt;<span class=\"hljs-symbol\">#if</span> comment??&gt;<span class=\"hljs-string\">${</span>comment}&lt;/<span class=\"hljs-symbol\">#if</span>&gt;\n&nbsp; &nbsp; &nbsp;*\n&nbsp; &nbsp; &nbsp;* @param <span class=\"hljs-string\">${</span>objectName} &lt;<span class=\"hljs-symbol\">#if</span> comment??&gt;<span class=\"hljs-string\">${</span>comment}&lt;/<span class=\"hljs-symbol\">#if</span>&gt;实体\n&nbsp; &nbsp; &nbsp;* @return 结果\n&nbsp; &nbsp; &nbsp;*/\n&nbsp; &nbsp; @<span class=\"hljs-type\">PostMapping</span>(<span class=\"hljs-comment\">\"/save\"</span>)\n&nbsp; &nbsp; public <span class=\"hljs-type\">Result</span>&lt;<span class=\"hljs-type\">Boolean</span>&gt; addSave(@<span class=\"hljs-type\">RequestBody</span> <span class=\"hljs-string\">${</span>className} <span class=\"hljs-string\">${</span>objectName}) {\n&nbsp; &nbsp; &nbsp; &nbsp; return <span class=\"hljs-type\">Result</span>.success(<span class=\"hljs-string\">${</span>objectName}<span class=\"hljs-type\">Service</span>.insert<span class=\"hljs-string\">${</span>className}(<span class=\"hljs-string\">${</span>objectName}));\n&nbsp; &nbsp; }\n\n&nbsp; &nbsp; /**\n&nbsp; &nbsp; * 修改&lt;<span class=\"hljs-symbol\">#if</span> comment??&gt;<span class=\"hljs-string\">${</span>comment}&lt;/<span class=\"hljs-symbol\">#if</span>&gt;\n&nbsp; &nbsp; *\n&nbsp; &nbsp; * @param <span class=\"hljs-string\">${</span>objectName} &lt;<span class=\"hljs-symbol\">#if</span> comment??&gt;<span class=\"hljs-string\">${</span>comment}&lt;/<span class=\"hljs-symbol\">#if</span>&gt;实体\n&nbsp; &nbsp; * @return 结果\n&nbsp; &nbsp; */\n&nbsp; &nbsp; @<span class=\"hljs-type\">PostMapping</span>(<span class=\"hljs-comment\">\"/update\"</span>)\n&nbsp; &nbsp; public <span class=\"hljs-type\">Result</span>&lt;<span class=\"hljs-type\">Boolean</span>&gt; editSave(@<span class=\"hljs-type\">RequestBody</span> <span class=\"hljs-string\">${</span>className} <span class=\"hljs-string\">${</span>objectName}) {\n&nbsp; &nbsp; &nbsp; &nbsp; return <span class=\"hljs-type\">Result</span>.success(<span class=\"hljs-string\">${</span>objectName}<span class=\"hljs-type\">Service</span>.update<span class=\"hljs-string\">${</span>className}(<span class=\"hljs-string\">${</span>objectName}));\n&nbsp; &nbsp; }\n\n&nbsp; &nbsp; /**\n&nbsp; &nbsp; &nbsp;* 批量删除&lt;<span class=\"hljs-symbol\">#if</span> comment??&gt;<span class=\"hljs-string\">${</span>comment}&lt;/<span class=\"hljs-symbol\">#if</span>&gt;\n&nbsp; &nbsp; &nbsp;*\n&nbsp; &nbsp; &nbsp;* @param ids 需要删除的数据<span class=\"hljs-type\">ID</span>\n&nbsp; &nbsp; &nbsp;* @return 结果\n&nbsp; &nbsp; &nbsp;*/\n&nbsp; &nbsp; @<span class=\"hljs-type\">PostMapping</span>(<span class=\"hljs-comment\">\"/delete\"</span>)\n&nbsp; &nbsp; public <span class=\"hljs-type\">Result</span>&lt;<span class=\"hljs-type\">Boolean</span>&gt; delete(<span class=\"hljs-type\">String</span> ids) {\n&nbsp; &nbsp; &nbsp; &nbsp; return <span class=\"hljs-type\">Result</span>.success(<span class=\"hljs-string\">${</span>objectName}<span class=\"hljs-type\">Service</span>.delete<span class=\"hljs-string\">${</span>className}<span class=\"hljs-type\">ByIds</span>(ids));\n&nbsp; &nbsp; }\n\n}\n</pre>',
        'java', 1, 1, NOW());
INSERT INTO `gen_template_config`
VALUES (2, 1, 'Service',
        '<pre class=\"ql-syntax\" spellcheck=\"false\">package <span class=\"hljs-string\">${</span>packageName}&lt;<span class=\"hljs-symbol\">#if</span> moduleName??&gt;.<span class=\"hljs-string\">${</span>moduleName}&lt;/<span class=\"hljs-symbol\">#if</span>&gt;.service;\n\nimport com.baomidou.mybatisplus.extension.service.<span class=\"hljs-type\">IService</span>;\nimport <span class=\"hljs-string\">${</span>packageName}&lt;<span class=\"hljs-symbol\">#if</span> moduleName??&gt;.<span class=\"hljs-string\">${</span>moduleName}&lt;/<span class=\"hljs-symbol\">#if</span>&gt;.common.page.<span class=\"hljs-type\">PageResult</span>;\nimport <span class=\"hljs-string\">${</span>packageName}&lt;<span class=\"hljs-symbol\">#if</span> moduleName??&gt;.<span class=\"hljs-string\">${</span>moduleName}&lt;/<span class=\"hljs-symbol\">#if</span>&gt;.entity.<span class=\"hljs-string\">${</span>className};\n\nimport java.util.<span class=\"hljs-type\">List</span>;\n\n/**\n&nbsp;* &lt;<span class=\"hljs-symbol\">#if</span> comment??&gt;<span class=\"hljs-string\">${</span>comment}&lt;/<span class=\"hljs-symbol\">#if</span>&gt;业务层\n&nbsp;*&nbsp;\n&nbsp;* @author <span class=\"hljs-string\">${</span>author}\n&nbsp;* @version <span class=\"hljs-number\">1.0</span>\n&nbsp;* @date <span class=\"hljs-string\">${</span>datetime}\n&nbsp;*/\npublic interface <span class=\"hljs-string\">${</span>className}<span class=\"hljs-type\">Service</span> extends <span class=\"hljs-type\">IService</span>&lt;<span class=\"hljs-string\">${</span>className}&gt; {\n\n&nbsp; &nbsp; /**\n&nbsp; &nbsp; &nbsp;* 分页查询&lt;<span class=\"hljs-symbol\">#if</span> comment??&gt;<span class=\"hljs-string\">${</span>comment}&lt;/<span class=\"hljs-symbol\">#if</span>&gt;\n&nbsp; &nbsp; &nbsp;*\n&nbsp; &nbsp; &nbsp;* @param <span class=\"hljs-string\">${</span>objectName} &lt;<span class=\"hljs-symbol\">#if</span> comment??&gt;<span class=\"hljs-string\">${</span>comment}&lt;/<span class=\"hljs-symbol\">#if</span>&gt;\n&nbsp; &nbsp; &nbsp;* @return &lt;<span class=\"hljs-symbol\">#if</span> comment??&gt;<span class=\"hljs-string\">${</span>comment}&lt;/<span class=\"hljs-symbol\">#if</span>&gt;集合\n&nbsp; &nbsp; &nbsp;*/\n&nbsp; &nbsp; <span class=\"hljs-type\">PageResult</span>&lt;<span class=\"hljs-string\">${</span>className}&gt; pageList(<span class=\"hljs-string\">${</span>className} <span class=\"hljs-string\">${</span>objectName});\n\n&nbsp; &nbsp; /**\n&nbsp; &nbsp; &nbsp;* 查询&lt;<span class=\"hljs-symbol\">#if</span> comment??&gt;<span class=\"hljs-string\">${</span>comment}&lt;/<span class=\"hljs-symbol\">#if</span>&gt;列表\n&nbsp; &nbsp; &nbsp;*&nbsp;\n&nbsp; &nbsp; &nbsp;* @param <span class=\"hljs-string\">${</span>objectName} &lt;<span class=\"hljs-symbol\">#if</span> comment??&gt;<span class=\"hljs-string\">${</span>comment}&lt;/<span class=\"hljs-symbol\">#if</span>&gt;\n&nbsp; &nbsp; &nbsp;* @return &lt;<span class=\"hljs-symbol\">#if</span> comment??&gt;<span class=\"hljs-string\">${</span>comment}&lt;/<span class=\"hljs-symbol\">#if</span>&gt;集合\n&nbsp; &nbsp; &nbsp;*/\n&nbsp; &nbsp; <span class=\"hljs-type\">List</span>&lt;<span class=\"hljs-string\">${</span>className}&gt; select<span class=\"hljs-string\">${</span>className}<span class=\"hljs-type\">List</span>(<span class=\"hljs-string\">${</span>className} <span class=\"hljs-string\">${</span>objectName});\n\n&nbsp; &nbsp; /**\n&nbsp; &nbsp; &nbsp;* 新增&lt;<span class=\"hljs-symbol\">#if</span> comment??&gt;<span class=\"hljs-string\">${</span>comment}&lt;/<span class=\"hljs-symbol\">#if</span>&gt;\n&nbsp; &nbsp; &nbsp;*&nbsp;\n&nbsp; &nbsp; &nbsp;* @param <span class=\"hljs-string\">${</span>objectName} &lt;<span class=\"hljs-symbol\">#if</span> comment??&gt;<span class=\"hljs-string\">${</span>comment}&lt;/<span class=\"hljs-symbol\">#if</span>&gt;实体\n&nbsp; &nbsp; &nbsp;* @return 结果\n&nbsp; &nbsp; &nbsp;*/\n&nbsp; &nbsp; <span class=\"hljs-type\">Boolean</span> insert<span class=\"hljs-string\">${</span>className}(<span class=\"hljs-string\">${</span>className} <span class=\"hljs-string\">${</span>objectName});\n\n&nbsp; &nbsp; /**\n&nbsp; &nbsp; &nbsp;* 修改&lt;<span class=\"hljs-symbol\">#if</span> comment??&gt;<span class=\"hljs-string\">${</span>comment}&lt;/<span class=\"hljs-symbol\">#if</span>&gt;\n&nbsp; &nbsp; &nbsp;*&nbsp;\n&nbsp; &nbsp; &nbsp;* @param <span class=\"hljs-string\">${</span>objectName} &lt;<span class=\"hljs-symbol\">#if</span> comment??&gt;<span class=\"hljs-string\">${</span>comment}&lt;/<span class=\"hljs-symbol\">#if</span>&gt;实体\n&nbsp; &nbsp; &nbsp;* @return 结果\n&nbsp; &nbsp; &nbsp;*/\n&nbsp; &nbsp; <span class=\"hljs-type\">Boolean</span> update<span class=\"hljs-string\">${</span>className}(<span class=\"hljs-string\">${</span>className} <span class=\"hljs-string\">${</span>objectName});\n\n&nbsp; &nbsp; /**\n&nbsp; &nbsp; &nbsp;* 批量删除&lt;<span class=\"hljs-symbol\">#if</span> comment??&gt;<span class=\"hljs-string\">${</span>comment}&lt;/<span class=\"hljs-symbol\">#if</span>&gt;\n&nbsp; &nbsp; &nbsp;*&nbsp;\n&nbsp; &nbsp; &nbsp;* @param ids 需要删除的数据<span class=\"hljs-type\">ID</span>\n&nbsp; &nbsp; &nbsp;* @return 结果\n&nbsp; &nbsp; &nbsp;*/\n&nbsp; &nbsp; <span class=\"hljs-type\">Boolean</span> delete<span class=\"hljs-string\">${</span>className}<span class=\"hljs-type\">ByIds</span>(<span class=\"hljs-type\">String</span> ids);\n\n}\n</pre>',
        'java', 1, 1, NOW());
INSERT INTO `gen_template_config`
VALUES (3, 1, 'ServiceImpl',
        '<pre class=\"ql-syntax\" spellcheck=\"false\">package <span class=\"hljs-string\">${</span>packageName}&lt;<span class=\"hljs-symbol\">#if</span> moduleName??&gt;.<span class=\"hljs-string\">${</span>moduleName}&lt;/<span class=\"hljs-symbol\">#if</span>&gt;.service.impl;\n\nimport cn.hutool.core.convert.<span class=\"hljs-type\">Convert</span>;\nimport cn.hutool.core.util.<span class=\"hljs-type\">ObjectUtil</span>;\nimport com.baomidou.mybatisplus.core.conditions.query.<span class=\"hljs-type\">LambdaQueryWrapper</span>;\nimport com.baomidou.mybatisplus.core.toolkit.<span class=\"hljs-type\">Wrappers</span>;\nimport com.baomidou.mybatisplus.extension.service.impl.<span class=\"hljs-type\">ServiceImpl</span>;\nimport <span class=\"hljs-string\">${</span>packageName}&lt;<span class=\"hljs-symbol\">#if</span> moduleName??&gt;.<span class=\"hljs-string\">${</span>moduleName}&lt;/<span class=\"hljs-symbol\">#if</span>&gt;.common.page.<span class=\"hljs-type\">PageFactory</span>;\nimport <span class=\"hljs-string\">${</span>packageName}&lt;<span class=\"hljs-symbol\">#if</span> moduleName??&gt;.<span class=\"hljs-string\">${</span>moduleName}&lt;/<span class=\"hljs-symbol\">#if</span>&gt;.common.page.<span class=\"hljs-type\">PageResult</span>;\nimport <span class=\"hljs-string\">${</span>packageName}&lt;<span class=\"hljs-symbol\">#if</span> moduleName??&gt;.<span class=\"hljs-string\">${</span>moduleName}&lt;/<span class=\"hljs-symbol\">#if</span>&gt;.entity.<span class=\"hljs-string\">${</span>className};\nimport <span class=\"hljs-string\">${</span>packageName}&lt;<span class=\"hljs-symbol\">#if</span> moduleName??&gt;.<span class=\"hljs-string\">${</span>moduleName}&lt;/<span class=\"hljs-symbol\">#if</span>&gt;.mapper.<span class=\"hljs-string\">${</span>className}<span class=\"hljs-type\">Mapper</span>;\nimport <span class=\"hljs-string\">${</span>packageName}&lt;<span class=\"hljs-symbol\">#if</span> moduleName??&gt;.<span class=\"hljs-string\">${</span>moduleName}&lt;/<span class=\"hljs-symbol\">#if</span>&gt;.service.<span class=\"hljs-string\">${</span>className}<span class=\"hljs-type\">Service</span>;\nimport org.springframework.stereotype.<span class=\"hljs-type\">Service</span>;\n\nimport java.time.<span class=\"hljs-type\">LocalDateTime</span>;\nimport java.util.<span class=\"hljs-type\">Arrays</span>;\nimport java.util.<span class=\"hljs-type\">List</span>;\n\n/**\n * &lt;<span class=\"hljs-symbol\">#if</span> comment??&gt;<span class=\"hljs-string\">${</span>comment}&lt;/<span class=\"hljs-symbol\">#if</span>&gt;业务实现层\n *\n * @author <span class=\"hljs-string\">${</span>author}\n * @version <span class=\"hljs-number\">1.0</span>\n * @date <span class=\"hljs-string\">${</span>datetime}\n */\n@<span class=\"hljs-type\">Service</span>\npublic class <span class=\"hljs-string\">${</span>className}<span class=\"hljs-type\">ServiceImpl</span> extends <span class=\"hljs-type\">ServiceImpl</span>&lt;<span class=\"hljs-string\">${</span>className}<span class=\"hljs-type\">Mapper</span>, <span class=\"hljs-string\">${</span>className}&gt; implements <span class=\"hljs-string\">${</span>className}<span class=\"hljs-type\">Service</span> {\n\n    /**\n     * 分页查询&lt;<span class=\"hljs-symbol\">#if</span> comment??&gt;<span class=\"hljs-string\">${</span>comment}&lt;/<span class=\"hljs-symbol\">#if</span>&gt;\n     *\n     * @param <span class=\"hljs-string\">${</span>objectName} &lt;<span class=\"hljs-symbol\">#if</span> comment??&gt;<span class=\"hljs-string\">${</span>comment}&lt;/<span class=\"hljs-symbol\">#if</span>&gt;实体\n     * @return &lt;<span class=\"hljs-symbol\">#if</span> comment??&gt;<span class=\"hljs-string\">${</span>comment}&lt;/<span class=\"hljs-symbol\">#if</span>&gt;集合\n     */\n    @<span class=\"hljs-type\">Override</span>\n    public <span class=\"hljs-type\">PageResult</span>&lt;<span class=\"hljs-string\">${</span>className}&gt; pageList(<span class=\"hljs-string\">${</span>className} <span class=\"hljs-string\">${</span>objectName}) {\n        <span class=\"hljs-type\">LambdaQueryWrapper</span>&lt;<span class=\"hljs-string\">${</span>className}&gt; queryWrapper = <span class=\"hljs-type\">Wrappers</span>.lambdaQuery();\n        if (<span class=\"hljs-type\">ObjectUtil</span>.isNotNull(<span class=\"hljs-string\">${</span>objectName})) {\n&lt;<span class=\"hljs-symbol\">#list</span> tableColumns as column&gt;\n    &lt;<span class=\"hljs-symbol\">#if</span> column.isQuery == <span class=\"hljs-keyword\">true </span>&amp;&amp; column.javaType != <span class=\"hljs-string\">\'LocalDateTime\'</span>&gt;\n            if (<span class=\"hljs-type\">ObjectUtil</span>.isNotEmpty(<span class=\"hljs-string\">${</span>objectName}.get<span class=\"hljs-string\">${</span>column.javaField}())){\n                queryWrapper.<span class=\"hljs-string\">${</span>column.queryType}(<span class=\"hljs-string\">${</span>className}::get<span class=\"hljs-string\">${</span>column.javaField}, <span class=\"hljs-string\">${</span>objectName}.get<span class=\"hljs-string\">${</span>column.javaField}());\n            }\n    &lt;/<span class=\"hljs-symbol\">#if</span>&gt;\n&lt;/<span class=\"hljs-symbol\">#list</span>&gt;\n        }\n        return new <span class=\"hljs-type\">PageResult</span>&lt;&gt;(this.page(<span class=\"hljs-type\">PageFactory</span>.defaultPage(), queryWrapper));\n    }\n\n    /**\n     * 查询&lt;<span class=\"hljs-symbol\">#if</span> comment??&gt;<span class=\"hljs-string\">${</span>comment}&lt;/<span class=\"hljs-symbol\">#if</span>&gt;列表\n     *\n     * @param <span class=\"hljs-string\">${</span>objectName} &lt;<span class=\"hljs-symbol\">#if</span> comment??&gt;<span class=\"hljs-string\">${</span>comment}&lt;/<span class=\"hljs-symbol\">#if</span>&gt;实体\n     * @return &lt;<span class=\"hljs-symbol\">#if</span> comment??&gt;<span class=\"hljs-string\">${</span>comment}&lt;/<span class=\"hljs-symbol\">#if</span>&gt;集合\n     */\n    @<span class=\"hljs-type\">Override</span>\n    public <span class=\"hljs-type\">List</span>&lt;<span class=\"hljs-string\">${</span>className}&gt; select<span class=\"hljs-string\">${</span>className}<span class=\"hljs-type\">List</span>(<span class=\"hljs-string\">${</span>className} <span class=\"hljs-string\">${</span>objectName}) {\n        <span class=\"hljs-type\">LambdaQueryWrapper</span>&lt;<span class=\"hljs-string\">${</span>className}&gt; queryWrapper = <span class=\"hljs-type\">Wrappers</span>.lambdaQuery();\n        return this.list(queryWrapper);\n    }\n\n    /**\n     * 新增&lt;<span class=\"hljs-symbol\">#if</span> comment??&gt;<span class=\"hljs-string\">${</span>comment}&lt;/<span class=\"hljs-symbol\">#if</span>&gt;\n     *\n     * @param <span class=\"hljs-string\">${</span>objectName} &lt;<span class=\"hljs-symbol\">#if</span> comment??&gt;<span class=\"hljs-string\">${</span>comment}&lt;/<span class=\"hljs-symbol\">#if</span>&gt;实体\n     * @return 结果\n     */\n    @<span class=\"hljs-type\">Override</span>\n    public <span class=\"hljs-type\">Boolean</span> insert<span class=\"hljs-string\">${</span>className}(<span class=\"hljs-string\">${</span>className} <span class=\"hljs-string\">${</span>objectName}) {\n&lt;<span class=\"hljs-symbol\">#list</span> tableColumns as column&gt;\n    &lt;<span class=\"hljs-symbol\">#if</span> column.javaType == <span class=\"hljs-string\">\'LocalDateTime\'</span> &amp;&amp; <span class=\"hljs-comment\">\"createDateTime,createDate,createTime\"</span>?contains(column.javaField)&gt;\n        <span class=\"hljs-string\">${</span>objectName}.set<span class=\"hljs-string\">${</span>column.javaField?cap_first}(<span class=\"hljs-type\">LocalDateTime</span>.now());\n    &lt;/<span class=\"hljs-symbol\">#if</span>&gt;\n&lt;/<span class=\"hljs-symbol\">#list</span>&gt;\n        return this.save(<span class=\"hljs-string\">${</span>objectName});\n    }\n\n    /**\n     * 修改&lt;<span class=\"hljs-symbol\">#if</span> comment??&gt;<span class=\"hljs-string\">${</span>comment}&lt;/<span class=\"hljs-symbol\">#if</span>&gt;\n     *\n     * @param <span class=\"hljs-string\">${</span>objectName} <span class=\"hljs-string\">${</span>functionName}实体\n     * @return 结果\n     */\n    @<span class=\"hljs-type\">Override</span>\n    public <span class=\"hljs-type\">Boolean</span> update<span class=\"hljs-string\">${</span>className}(<span class=\"hljs-string\">${</span>className} <span class=\"hljs-string\">${</span>objectName}) {\n&lt;<span class=\"hljs-symbol\">#list</span> tableColumns as column&gt;\n    &lt;<span class=\"hljs-symbol\">#if</span> column.javaType == <span class=\"hljs-string\">\'LocalDateTime\'</span> &amp;&amp; <span class=\"hljs-comment\">\"updateDateTime,updateDate,updateTime\"</span>?contains(column.javaField)&gt;\n        <span class=\"hljs-string\">${</span>objectName}.set<span class=\"hljs-string\">${</span>column.javaField?cap_first}(<span class=\"hljs-type\">LocalDateTime</span>.now());\n    &lt;/<span class=\"hljs-symbol\">#if</span>&gt;\n&lt;/<span class=\"hljs-symbol\">#list</span>&gt;\n        return this.updateById(<span class=\"hljs-string\">${</span>objectName});\n    }\n\n    /**\n     * 批量删除&lt;<span class=\"hljs-symbol\">#if</span> comment??&gt;<span class=\"hljs-string\">${</span>comment}&lt;/<span class=\"hljs-symbol\">#if</span>&gt;\n     *\n     * @param ids 需要删除的数据<span class=\"hljs-type\">ID</span>\n     * @return 结果\n     */\n    @<span class=\"hljs-type\">Override</span>\n    public <span class=\"hljs-type\">Boolean</span> delete<span class=\"hljs-string\">${</span>className}<span class=\"hljs-type\">ByIds</span>(<span class=\"hljs-type\">String</span> ids) {\n        return this.removeByIds(<span class=\"hljs-type\">Arrays</span>.asList(<span class=\"hljs-type\">Convert</span>.toStrArray(ids)));\n    }\n\n}\n</pre>',
        'java', 1, 1, NOW());
INSERT INTO `gen_template_config`
VALUES (4, 1, 'Mapper',
        '<pre class=\"ql-syntax\" spellcheck=\"false\">package <span class=\"hljs-string\">${</span>packageName}&lt;<span class=\"hljs-symbol\">#if</span> moduleName??&gt;.<span class=\"hljs-string\">${</span>moduleName}&lt;/<span class=\"hljs-symbol\">#if</span>&gt;.mapper;\n\nimport com.baomidou.mybatisplus.core.mapper.<span class=\"hljs-type\">BaseMapper</span>;\nimport <span class=\"hljs-string\">${</span>packageName}&lt;<span class=\"hljs-symbol\">#if</span> moduleName??&gt;.<span class=\"hljs-string\">${</span>moduleName}&lt;/<span class=\"hljs-symbol\">#if</span>&gt;.entity.<span class=\"hljs-string\">${</span>className};\nimport org.apache.ibatis.annotations.<span class=\"hljs-type\">Mapper</span>;\n\n/**\n&nbsp;* &lt;<span class=\"hljs-symbol\">#if</span> comment??&gt;<span class=\"hljs-string\">${</span>comment}&lt;/<span class=\"hljs-symbol\">#if</span>&gt;映射层\n&nbsp;*\n&nbsp;* @author <span class=\"hljs-string\">${</span>author}\n&nbsp;* @version <span class=\"hljs-number\">1.0</span>\n&nbsp;* @date <span class=\"hljs-string\">${</span>datetime}\n&nbsp;*/\n@<span class=\"hljs-type\">Mapper</span>\npublic interface <span class=\"hljs-string\">${</span>className}<span class=\"hljs-type\">Mapper</span> extends <span class=\"hljs-type\">BaseMapper</span>&lt;<span class=\"hljs-string\">${</span>className}&gt; {\n\n}\n</pre>',
        'java', 1, 1, NOW());
INSERT INTO `gen_template_config`
VALUES (5, 1, 'Mapping',
        '<pre class=\"ql-syntax\" spellcheck=\"false\"><span class=\"hljs-meta\">&lt;?xml version=\"1.0\" encoding=\"UTF-8\"?&gt;</span>\n<span class=\"hljs-meta\">&lt;!DOCTYPE mapper\n&nbsp; &nbsp; &nbsp; &nbsp; PUBLIC \"-//mybatis.org//DTD Mapper 3.0//EN\"\n&nbsp; &nbsp; &nbsp; &nbsp; \"http://mybatis.org/dtd/mybatis-3-mapper.dtd\"&gt;</span>\n<span class=\"hljs-tag\">&lt;<span class=\"hljs-name\">mapper</span> <span class=\"hljs-attr\">namespace</span>=<span class=\"hljs-string\">\"$</span></span>{packageName}<span class=\"hljs-tag\"><span class=\"hljs-string\">&lt;#if moduleName??&gt;.$</span></span>{moduleName}<span class=\"hljs-tag\"><span class=\"hljs-string\">&lt;/#if&gt;.mapper.$</span></span>{className}<span class=\"hljs-tag\"><span class=\"hljs-string\">Mapper\"</span>&gt;</span>\n\n<span class=\"hljs-tag\">&lt;/<span class=\"hljs-name\">mapper</span>&gt;</span>\n</pre>',
        'xml', 1, 1, NOW());
INSERT INTO `gen_template_config`
VALUES (6, 1, 'Entity',
        '<pre class=\"ql-syntax\" spellcheck=\"false\">package <span class=\"hljs-string\">${</span>packageName}&lt;<span class=\"hljs-symbol\">#if</span> moduleName??&gt;.<span class=\"hljs-string\">${</span>moduleName}&lt;/<span class=\"hljs-symbol\">#if</span>&gt;.entity;\n\n&lt;<span class=\"hljs-symbol\">#list</span> importList as import&gt;\nimport <span class=\"hljs-string\">${</span>import};\n&lt;/<span class=\"hljs-symbol\">#list</span>&gt;\nimport lombok.<span class=\"hljs-type\">Data</span>;\nimport java.io.<span class=\"hljs-type\">Serializable</span>;\n\n/**\n * &lt;<span class=\"hljs-symbol\">#if</span> comment??&gt;<span class=\"hljs-string\">${</span>comment}&lt;/<span class=\"hljs-symbol\">#if</span>&gt;实体\n * \n * @author <span class=\"hljs-string\">${</span>author}\n * @version <span class=\"hljs-number\">1.0</span>\n * @date <span class=\"hljs-string\">${</span>datetime}\n */\n@<span class=\"hljs-type\">Data</span>\npublic class <span class=\"hljs-string\">${</span>className} implements <span class=\"hljs-type\">Serializable</span> {\n\n    private static final long serialVersionUID = <span class=\"hljs-number\">1</span>L;\n\n&lt;<span class=\"hljs-symbol\">#list</span> tableColumns as column&gt;\n    /**\n     * &lt;<span class=\"hljs-symbol\">#if</span> column.columnComment??&gt;<span class=\"hljs-string\">${</span>column.columnComment}&lt;/<span class=\"hljs-symbol\">#if</span>&gt;\n     */\n    &lt;<span class=\"hljs-symbol\">#if</span> column.javaType == <span class=\"hljs-string\">\'LocalDateTime\'</span>&gt;\n    @<span class=\"hljs-type\">JsonFormat</span>(timezone = <span class=\"hljs-comment\">\"GMT+8\"</span>, pattern = <span class=\"hljs-type\">DatePattern</span>.<span class=\"hljs-type\">NORM_DATETIME_PATTERN</span>)\n    &lt;/<span class=\"hljs-symbol\">#if</span>&gt;\n    private <span class=\"hljs-string\">${</span>column.javaType} import <span class=\"hljs-string\">${</span>column.javaField};\n\n&lt;/<span class=\"hljs-symbol\">#list</span>&gt;\n}\n</pre>',
        'java', 1, 1, NOW());
INSERT INTO `gen_template_config`
VALUES (7, 2, 'Controller',
        '<pre class=\"ql-syntax\" spellcheck=\"false\">package <span class=\"hljs-string\">${</span>packageName}&lt;<span class=\"hljs-symbol\">#if</span> moduleName??&gt;.<span class=\"hljs-string\">${</span>moduleName}&lt;/<span class=\"hljs-symbol\">#if</span>&gt;.controller;\n\nimport <span class=\"hljs-string\">${</span>packageName}&lt;<span class=\"hljs-symbol\">#if</span> moduleName??&gt;.<span class=\"hljs-string\">${</span>moduleName}&lt;/<span class=\"hljs-symbol\">#if</span>&gt;.common.page.<span class=\"hljs-type\">PageResult</span>;\nimport <span class=\"hljs-string\">${</span>packageName}&lt;<span class=\"hljs-symbol\">#if</span> moduleName??&gt;.<span class=\"hljs-string\">${</span>moduleName}&lt;/<span class=\"hljs-symbol\">#if</span>&gt;.common.response.<span class=\"hljs-type\">Result</span>;\nimport <span class=\"hljs-string\">${</span>packageName}&lt;<span class=\"hljs-symbol\">#if</span> moduleName??&gt;.<span class=\"hljs-string\">${</span>moduleName}&lt;/<span class=\"hljs-symbol\">#if</span>&gt;.entity.<span class=\"hljs-string\">${</span>className};\nimport <span class=\"hljs-string\">${</span>packageName}&lt;<span class=\"hljs-symbol\">#if</span> moduleName??&gt;.<span class=\"hljs-string\">${</span>moduleName}&lt;/<span class=\"hljs-symbol\">#if</span>&gt;.service.<span class=\"hljs-string\">${</span>className}<span class=\"hljs-type\">Service</span>;\nimport org.springframework.beans.factory.annotation.<span class=\"hljs-type\">Autowired</span>;\nimport org.springframework.web.bind.annotation.*;\n\nimport java.util.<span class=\"hljs-type\">List</span>;\n\n/**\n&nbsp;* &lt;<span class=\"hljs-symbol\">#if</span> comment??&gt;<span class=\"hljs-string\">${</span>comment}&lt;/<span class=\"hljs-symbol\">#if</span>&gt;控制层\n&nbsp;*\n&nbsp;* @author <span class=\"hljs-string\">${</span>author}\n&nbsp;* @version <span class=\"hljs-number\">1.0</span>\n&nbsp;* @date <span class=\"hljs-string\">${</span>datetime}\n&nbsp;*/\n@<span class=\"hljs-type\">RestController</span>\n@<span class=\"hljs-type\">RequestMapping</span>(<span class=\"hljs-comment\">\"/${businessName}\"</span>)\npublic class <span class=\"hljs-string\">${</span>className}<span class=\"hljs-type\">Controller</span> {\n\n&nbsp; &nbsp; @<span class=\"hljs-type\">Autowired</span>\n&nbsp; &nbsp; private <span class=\"hljs-string\">${</span>className}<span class=\"hljs-type\">Service</span> <span class=\"hljs-string\">${</span>objectName}<span class=\"hljs-type\">Service</span>;\n\n&nbsp; &nbsp; /**\n&nbsp; &nbsp; &nbsp;* 分页查询&lt;<span class=\"hljs-symbol\">#if</span> comment??&gt;<span class=\"hljs-string\">${</span>comment}&lt;/<span class=\"hljs-symbol\">#if</span>&gt;\n&nbsp; &nbsp; &nbsp;*\n&nbsp; &nbsp; &nbsp;* @param <span class=\"hljs-string\">${</span>objectName} &lt;<span class=\"hljs-symbol\">#if</span> comment??&gt;<span class=\"hljs-string\">${</span>comment}&lt;/<span class=\"hljs-symbol\">#if</span>&gt;实体\n&nbsp; &nbsp; &nbsp;* @return <span class=\"hljs-string\">${</span>comment}集合\n&nbsp; &nbsp; &nbsp;*/\n&nbsp; &nbsp; @<span class=\"hljs-type\">GetMapping</span>(<span class=\"hljs-comment\">\"/pageList\"</span>)\n&nbsp; &nbsp; public <span class=\"hljs-type\">Result</span>&lt;<span class=\"hljs-type\">PageResult</span>&lt;<span class=\"hljs-string\">${</span>className}&gt;&gt; page(<span class=\"hljs-string\">${</span>className} <span class=\"hljs-string\">${</span>objectName}) {\n&nbsp; &nbsp; &nbsp; &nbsp; return <span class=\"hljs-type\">Result</span>.success(<span class=\"hljs-string\">${</span>objectName}<span class=\"hljs-type\">Service</span>.pageList(<span class=\"hljs-string\">${</span>objectName}));\n&nbsp; &nbsp; }\n\n&nbsp; &nbsp; /**\n&nbsp; &nbsp; &nbsp;* 查询&lt;<span class=\"hljs-symbol\">#if</span> comment??&gt;<span class=\"hljs-string\">${</span>comment}&lt;/<span class=\"hljs-symbol\">#if</span>&gt;列表\n&nbsp; &nbsp; &nbsp;*\n&nbsp; &nbsp; &nbsp;* @param <span class=\"hljs-string\">${</span>objectName} &lt;<span class=\"hljs-symbol\">#if</span> comment??&gt;<span class=\"hljs-string\">${</span>comment}&lt;/<span class=\"hljs-symbol\">#if</span>&gt;实体\n&nbsp; &nbsp; &nbsp;* @return <span class=\"hljs-string\">${</span>comment}集合\n&nbsp; &nbsp; &nbsp;*/\n&nbsp; &nbsp; @<span class=\"hljs-type\">GetMapping</span>(<span class=\"hljs-comment\">\"/list\"</span>)\n&nbsp; &nbsp; public <span class=\"hljs-type\">Result</span>&lt;<span class=\"hljs-type\">List</span>&lt;<span class=\"hljs-string\">${</span>className}&gt;&gt; list(<span class=\"hljs-string\">${</span>className} <span class=\"hljs-string\">${</span>objectName}) {\n&nbsp; &nbsp; &nbsp; &nbsp;return <span class=\"hljs-type\">Result</span>.success(<span class=\"hljs-string\">${</span>objectName}<span class=\"hljs-type\">Service</span>.select<span class=\"hljs-string\">${</span>className}<span class=\"hljs-type\">List</span>(<span class=\"hljs-string\">${</span>objectName}));\n&nbsp; &nbsp; }\n\n&nbsp; &nbsp; /**\n&nbsp; &nbsp; &nbsp;* 新增&lt;<span class=\"hljs-symbol\">#if</span> comment??&gt;<span class=\"hljs-string\">${</span>comment}&lt;/<span class=\"hljs-symbol\">#if</span>&gt;\n&nbsp; &nbsp; &nbsp;*\n&nbsp; &nbsp; &nbsp;* @param <span class=\"hljs-string\">${</span>objectName} &lt;<span class=\"hljs-symbol\">#if</span> comment??&gt;<span class=\"hljs-string\">${</span>comment}&lt;/<span class=\"hljs-symbol\">#if</span>&gt;实体\n&nbsp; &nbsp; &nbsp;* @return 结果\n&nbsp; &nbsp; &nbsp;*/\n&nbsp; &nbsp; @<span class=\"hljs-type\">PostMapping</span>(<span class=\"hljs-comment\">\"/save\"</span>)\n&nbsp; &nbsp; public <span class=\"hljs-type\">Result</span>&lt;<span class=\"hljs-type\">Boolean</span>&gt; addSave(@<span class=\"hljs-type\">RequestBody</span> <span class=\"hljs-string\">${</span>className} <span class=\"hljs-string\">${</span>objectName}) {\n&nbsp; &nbsp; &nbsp; &nbsp; return <span class=\"hljs-type\">Result</span>.success(<span class=\"hljs-string\">${</span>objectName}<span class=\"hljs-type\">Service</span>.insert<span class=\"hljs-string\">${</span>className}(<span class=\"hljs-string\">${</span>objectName}));\n&nbsp; &nbsp; }\n\n&nbsp; &nbsp; /**\n&nbsp; &nbsp; * 修改&lt;<span class=\"hljs-symbol\">#if</span> comment??&gt;<span class=\"hljs-string\">${</span>comment}&lt;/<span class=\"hljs-symbol\">#if</span>&gt;\n&nbsp; &nbsp; *\n&nbsp; &nbsp; * @param <span class=\"hljs-string\">${</span>objectName} &lt;<span class=\"hljs-symbol\">#if</span> comment??&gt;<span class=\"hljs-string\">${</span>comment}&lt;/<span class=\"hljs-symbol\">#if</span>&gt;实体\n&nbsp; &nbsp; * @return 结果\n&nbsp; &nbsp; */\n&nbsp; &nbsp; @<span class=\"hljs-type\">PostMapping</span>(<span class=\"hljs-comment\">\"/update\"</span>)\n&nbsp; &nbsp; public <span class=\"hljs-type\">Result</span>&lt;<span class=\"hljs-type\">Boolean</span>&gt; editSave(@<span class=\"hljs-type\">RequestBody</span> <span class=\"hljs-string\">${</span>className} <span class=\"hljs-string\">${</span>objectName}) {\n&nbsp; &nbsp; &nbsp; &nbsp; return <span class=\"hljs-type\">Result</span>.success(<span class=\"hljs-string\">${</span>objectName}<span class=\"hljs-type\">Service</span>.update<span class=\"hljs-string\">${</span>className}(<span class=\"hljs-string\">${</span>objectName}));\n&nbsp; &nbsp; }\n\n&nbsp; &nbsp; /**\n&nbsp; &nbsp; &nbsp;* 批量删除&lt;<span class=\"hljs-symbol\">#if</span> comment??&gt;<span class=\"hljs-string\">${</span>comment}&lt;/<span class=\"hljs-symbol\">#if</span>&gt;\n&nbsp; &nbsp; &nbsp;*\n&nbsp; &nbsp; &nbsp;* @param ids 需要删除的数据<span class=\"hljs-type\">ID</span>\n&nbsp; &nbsp; &nbsp;* @return 结果\n&nbsp; &nbsp; &nbsp;*/\n&nbsp; &nbsp; @<span class=\"hljs-type\">PostMapping</span>(<span class=\"hljs-comment\">\"/delete\"</span>)\n&nbsp; &nbsp; public <span class=\"hljs-type\">Result</span>&lt;<span class=\"hljs-type\">Boolean</span>&gt; delete(<span class=\"hljs-type\">String</span> ids) {\n&nbsp; &nbsp; &nbsp; &nbsp; return <span class=\"hljs-type\">Result</span>.success(<span class=\"hljs-string\">${</span>objectName}<span class=\"hljs-type\">Service</span>.delete<span class=\"hljs-string\">${</span>className}<span class=\"hljs-type\">ByIds</span>(ids));\n&nbsp; &nbsp; }\n\n}\n</pre>',
        'java', 1, 1, NOW());
INSERT INTO `gen_template_config`
VALUES (8, 2, 'Service',
        '<pre class=\"ql-syntax\" spellcheck=\"false\">package <span class=\"hljs-string\">${</span>packageName}&lt;<span class=\"hljs-symbol\">#if</span> moduleName??&gt;.<span class=\"hljs-string\">${</span>moduleName}&lt;/<span class=\"hljs-symbol\">#if</span>&gt;.service;\n\nimport com.baomidou.mybatisplus.extension.service.<span class=\"hljs-type\">IService</span>;\nimport <span class=\"hljs-string\">${</span>packageName}&lt;<span class=\"hljs-symbol\">#if</span> moduleName??&gt;.<span class=\"hljs-string\">${</span>moduleName}&lt;/<span class=\"hljs-symbol\">#if</span>&gt;.common.page.<span class=\"hljs-type\">PageResult</span>;\nimport <span class=\"hljs-string\">${</span>packageName}&lt;<span class=\"hljs-symbol\">#if</span> moduleName??&gt;.<span class=\"hljs-string\">${</span>moduleName}&lt;/<span class=\"hljs-symbol\">#if</span>&gt;.entity.<span class=\"hljs-string\">${</span>className};\n\nimport java.util.<span class=\"hljs-type\">List</span>;\n\n/**\n&nbsp;* &lt;<span class=\"hljs-symbol\">#if</span> comment??&gt;<span class=\"hljs-string\">${</span>comment}&lt;/<span class=\"hljs-symbol\">#if</span>&gt;业务层\n&nbsp;*&nbsp;\n&nbsp;* @author <span class=\"hljs-string\">${</span>author}\n&nbsp;* @version <span class=\"hljs-number\">1.0</span>\n&nbsp;* @date <span class=\"hljs-string\">${</span>datetime}\n&nbsp;*/\npublic interface <span class=\"hljs-string\">${</span>className}<span class=\"hljs-type\">Service</span> extends <span class=\"hljs-type\">IService</span>&lt;<span class=\"hljs-string\">${</span>className}&gt; {\n\n&nbsp; &nbsp; /**\n&nbsp; &nbsp; &nbsp;* 分页查询&lt;<span class=\"hljs-symbol\">#if</span> comment??&gt;<span class=\"hljs-string\">${</span>comment}&lt;/<span class=\"hljs-symbol\">#if</span>&gt;\n&nbsp; &nbsp; &nbsp;*\n&nbsp; &nbsp; &nbsp;* @param <span class=\"hljs-string\">${</span>objectName} &lt;<span class=\"hljs-symbol\">#if</span> comment??&gt;<span class=\"hljs-string\">${</span>comment}&lt;/<span class=\"hljs-symbol\">#if</span>&gt;\n&nbsp; &nbsp; &nbsp;* @return &lt;<span class=\"hljs-symbol\">#if</span> comment??&gt;<span class=\"hljs-string\">${</span>comment}&lt;/<span class=\"hljs-symbol\">#if</span>&gt;集合\n&nbsp; &nbsp; &nbsp;*/\n&nbsp; &nbsp; <span class=\"hljs-type\">PageResult</span>&lt;<span class=\"hljs-string\">${</span>className}&gt; pageList(<span class=\"hljs-string\">${</span>className} <span class=\"hljs-string\">${</span>objectName});\n\n&nbsp; &nbsp; /**\n&nbsp; &nbsp; &nbsp;* 查询&lt;<span class=\"hljs-symbol\">#if</span> comment??&gt;<span class=\"hljs-string\">${</span>comment}&lt;/<span class=\"hljs-symbol\">#if</span>&gt;列表\n&nbsp; &nbsp; &nbsp;*&nbsp;\n&nbsp; &nbsp; &nbsp;* @param <span class=\"hljs-string\">${</span>objectName} &lt;<span class=\"hljs-symbol\">#if</span> comment??&gt;<span class=\"hljs-string\">${</span>comment}&lt;/<span class=\"hljs-symbol\">#if</span>&gt;\n&nbsp; &nbsp; &nbsp;* @return &lt;<span class=\"hljs-symbol\">#if</span> comment??&gt;<span class=\"hljs-string\">${</span>comment}&lt;/<span class=\"hljs-symbol\">#if</span>&gt;集合\n&nbsp; &nbsp; &nbsp;*/\n&nbsp; &nbsp; <span class=\"hljs-type\">List</span>&lt;<span class=\"hljs-string\">${</span>className}&gt; select<span class=\"hljs-string\">${</span>className}<span class=\"hljs-type\">List</span>(<span class=\"hljs-string\">${</span>className} <span class=\"hljs-string\">${</span>objectName});\n\n&nbsp; &nbsp; /**\n&nbsp; &nbsp; &nbsp;* 新增&lt;<span class=\"hljs-symbol\">#if</span> comment??&gt;<span class=\"hljs-string\">${</span>comment}&lt;/<span class=\"hljs-symbol\">#if</span>&gt;\n&nbsp; &nbsp; &nbsp;*&nbsp;\n&nbsp; &nbsp; &nbsp;* @param <span class=\"hljs-string\">${</span>objectName} &lt;<span class=\"hljs-symbol\">#if</span> comment??&gt;<span class=\"hljs-string\">${</span>comment}&lt;/<span class=\"hljs-symbol\">#if</span>&gt;实体\n&nbsp; &nbsp; &nbsp;* @return 结果\n&nbsp; &nbsp; &nbsp;*/\n&nbsp; &nbsp; <span class=\"hljs-type\">Boolean</span> insert<span class=\"hljs-string\">${</span>className}(<span class=\"hljs-string\">${</span>className} <span class=\"hljs-string\">${</span>objectName});\n\n&nbsp; &nbsp; /**\n&nbsp; &nbsp; &nbsp;* 修改&lt;<span class=\"hljs-symbol\">#if</span> comment??&gt;<span class=\"hljs-string\">${</span>comment}&lt;/<span class=\"hljs-symbol\">#if</span>&gt;\n&nbsp; &nbsp; &nbsp;*&nbsp;\n&nbsp; &nbsp; &nbsp;* @param <span class=\"hljs-string\">${</span>objectName} &lt;<span class=\"hljs-symbol\">#if</span> comment??&gt;<span class=\"hljs-string\">${</span>comment}&lt;/<span class=\"hljs-symbol\">#if</span>&gt;实体\n&nbsp; &nbsp; &nbsp;* @return 结果\n&nbsp; &nbsp; &nbsp;*/\n&nbsp; &nbsp; <span class=\"hljs-type\">Boolean</span> update<span class=\"hljs-string\">${</span>className}(<span class=\"hljs-string\">${</span>className} <span class=\"hljs-string\">${</span>objectName});\n\n&nbsp; &nbsp; /**\n&nbsp; &nbsp; &nbsp;* 批量删除&lt;<span class=\"hljs-symbol\">#if</span> comment??&gt;<span class=\"hljs-string\">${</span>comment}&lt;/<span class=\"hljs-symbol\">#if</span>&gt;\n&nbsp; &nbsp; &nbsp;*&nbsp;\n&nbsp; &nbsp; &nbsp;* @param ids 需要删除的数据<span class=\"hljs-type\">ID</span>\n&nbsp; &nbsp; &nbsp;* @return 结果\n&nbsp; &nbsp; &nbsp;*/\n&nbsp; &nbsp; <span class=\"hljs-type\">Boolean</span> delete<span class=\"hljs-string\">${</span>className}<span class=\"hljs-type\">ByIds</span>(<span class=\"hljs-type\">String</span> ids);\n\n}\n</pre>',
        'java', 1, 1, NOW());
INSERT INTO `gen_template_config`
VALUES (9, 2, 'ServiceImpl',
        '<pre class=\"ql-syntax\" spellcheck=\"false\">package <span class=\"hljs-string\">${</span>packageName}&lt;<span class=\"hljs-symbol\">#if</span> moduleName??&gt;.<span class=\"hljs-string\">${</span>moduleName}&lt;/<span class=\"hljs-symbol\">#if</span>&gt;.service.impl;\n\nimport cn.hutool.core.convert.<span class=\"hljs-type\">Convert</span>;\nimport cn.hutool.core.util.<span class=\"hljs-type\">ObjectUtil</span>;\nimport com.baomidou.mybatisplus.core.conditions.query.<span class=\"hljs-type\">LambdaQueryWrapper</span>;\nimport com.baomidou.mybatisplus.core.toolkit.<span class=\"hljs-type\">Wrappers</span>;\nimport com.baomidou.mybatisplus.extension.service.impl.<span class=\"hljs-type\">ServiceImpl</span>;\nimport <span class=\"hljs-string\">${</span>packageName}&lt;<span class=\"hljs-symbol\">#if</span> moduleName??&gt;.<span class=\"hljs-string\">${</span>moduleName}&lt;/<span class=\"hljs-symbol\">#if</span>&gt;.common.page.<span class=\"hljs-type\">PageFactory</span>;\nimport <span class=\"hljs-string\">${</span>packageName}&lt;<span class=\"hljs-symbol\">#if</span> moduleName??&gt;.<span class=\"hljs-string\">${</span>moduleName}&lt;/<span class=\"hljs-symbol\">#if</span>&gt;.common.page.<span class=\"hljs-type\">PageResult</span>;\nimport <span class=\"hljs-string\">${</span>packageName}&lt;<span class=\"hljs-symbol\">#if</span> moduleName??&gt;.<span class=\"hljs-string\">${</span>moduleName}&lt;/<span class=\"hljs-symbol\">#if</span>&gt;.entity.<span class=\"hljs-string\">${</span>className};\nimport <span class=\"hljs-string\">${</span>packageName}&lt;<span class=\"hljs-symbol\">#if</span> moduleName??&gt;.<span class=\"hljs-string\">${</span>moduleName}&lt;/<span class=\"hljs-symbol\">#if</span>&gt;.mapper.<span class=\"hljs-string\">${</span>className}<span class=\"hljs-type\">Mapper</span>;\nimport <span class=\"hljs-string\">${</span>packageName}&lt;<span class=\"hljs-symbol\">#if</span> moduleName??&gt;.<span class=\"hljs-string\">${</span>moduleName}&lt;/<span class=\"hljs-symbol\">#if</span>&gt;.service.<span class=\"hljs-string\">${</span>className}<span class=\"hljs-type\">Service</span>;\nimport org.springframework.stereotype.<span class=\"hljs-type\">Service</span>;\n\nimport java.time.<span class=\"hljs-type\">LocalDateTime</span>;\nimport java.util.<span class=\"hljs-type\">Arrays</span>;\nimport java.util.<span class=\"hljs-type\">List</span>;\n\n/**\n * &lt;<span class=\"hljs-symbol\">#if</span> comment??&gt;<span class=\"hljs-string\">${</span>comment}&lt;/<span class=\"hljs-symbol\">#if</span>&gt;业务实现层\n *\n * @author <span class=\"hljs-string\">${</span>author}\n * @version <span class=\"hljs-number\">1.0</span>\n * @date <span class=\"hljs-string\">${</span>datetime}\n */\n@<span class=\"hljs-type\">Service</span>\npublic class <span class=\"hljs-string\">${</span>className}<span class=\"hljs-type\">ServiceImpl</span> extends <span class=\"hljs-type\">ServiceImpl</span>&lt;<span class=\"hljs-string\">${</span>className}<span class=\"hljs-type\">Mapper</span>, <span class=\"hljs-string\">${</span>className}&gt; implements <span class=\"hljs-string\">${</span>className}<span class=\"hljs-type\">Service</span> {\n\n    /**\n     * 分页查询&lt;<span class=\"hljs-symbol\">#if</span> comment??&gt;<span class=\"hljs-string\">${</span>comment}&lt;/<span class=\"hljs-symbol\">#if</span>&gt;\n     *\n     * @param <span class=\"hljs-string\">${</span>objectName} &lt;<span class=\"hljs-symbol\">#if</span> comment??&gt;<span class=\"hljs-string\">${</span>comment}&lt;/<span class=\"hljs-symbol\">#if</span>&gt;实体\n     * @return &lt;<span class=\"hljs-symbol\">#if</span> comment??&gt;<span class=\"hljs-string\">${</span>comment}&lt;/<span class=\"hljs-symbol\">#if</span>&gt;集合\n     */\n    @<span class=\"hljs-type\">Override</span>\n    public <span class=\"hljs-type\">PageResult</span>&lt;<span class=\"hljs-string\">${</span>className}&gt; pageList(<span class=\"hljs-string\">${</span>className} <span class=\"hljs-string\">${</span>objectName}) {\n        <span class=\"hljs-type\">LambdaQueryWrapper</span>&lt;<span class=\"hljs-string\">${</span>className}&gt; queryWrapper = <span class=\"hljs-type\">Wrappers</span>.lambdaQuery();\n        if (<span class=\"hljs-type\">ObjectUtil</span>.isNotNull(<span class=\"hljs-string\">${</span>objectName})) {\n&lt;<span class=\"hljs-symbol\">#list</span> tableColumns as column&gt;\n    &lt;<span class=\"hljs-symbol\">#if</span> column.isQuery == <span class=\"hljs-keyword\">true </span>&amp;&amp; column.javaType != <span class=\"hljs-string\">\'LocalDateTime\'</span>&gt;\n            if (<span class=\"hljs-type\">ObjectUtil</span>.isNotEmpty(<span class=\"hljs-string\">${</span>objectName}.get<span class=\"hljs-string\">${</span>column.javaField}())){\n                queryWrapper.<span class=\"hljs-string\">${</span>column.queryType}(<span class=\"hljs-string\">${</span>className}::get<span class=\"hljs-string\">${</span>column.javaField}, <span class=\"hljs-string\">${</span>objectName}.get<span class=\"hljs-string\">${</span>column.javaField}());\n            }\n    &lt;/<span class=\"hljs-symbol\">#if</span>&gt;\n&lt;/<span class=\"hljs-symbol\">#list</span>&gt;\n        }\n        return new <span class=\"hljs-type\">PageResult</span>&lt;&gt;(this.page(<span class=\"hljs-type\">PageFactory</span>.defaultPage(), queryWrapper));\n    }\n\n    /**\n     * 查询&lt;<span class=\"hljs-symbol\">#if</span> comment??&gt;<span class=\"hljs-string\">${</span>comment}&lt;/<span class=\"hljs-symbol\">#if</span>&gt;列表\n     *\n     * @param <span class=\"hljs-string\">${</span>objectName} &lt;<span class=\"hljs-symbol\">#if</span> comment??&gt;<span class=\"hljs-string\">${</span>comment}&lt;/<span class=\"hljs-symbol\">#if</span>&gt;实体\n     * @return &lt;<span class=\"hljs-symbol\">#if</span> comment??&gt;<span class=\"hljs-string\">${</span>comment}&lt;/<span class=\"hljs-symbol\">#if</span>&gt;集合\n     */\n    @<span class=\"hljs-type\">Override</span>\n    public <span class=\"hljs-type\">List</span>&lt;<span class=\"hljs-string\">${</span>className}&gt; select<span class=\"hljs-string\">${</span>className}<span class=\"hljs-type\">List</span>(<span class=\"hljs-string\">${</span>className} <span class=\"hljs-string\">${</span>objectName}) {\n        <span class=\"hljs-type\">LambdaQueryWrapper</span>&lt;<span class=\"hljs-string\">${</span>className}&gt; queryWrapper = <span class=\"hljs-type\">Wrappers</span>.lambdaQuery();\n        return this.list(queryWrapper);\n    }\n\n    /**\n     * 新增&lt;<span class=\"hljs-symbol\">#if</span> comment??&gt;<span class=\"hljs-string\">${</span>comment}&lt;/<span class=\"hljs-symbol\">#if</span>&gt;\n     *\n     * @param <span class=\"hljs-string\">${</span>objectName} &lt;<span class=\"hljs-symbol\">#if</span> comment??&gt;<span class=\"hljs-string\">${</span>comment}&lt;/<span class=\"hljs-symbol\">#if</span>&gt;实体\n     * @return 结果\n     */\n    @<span class=\"hljs-type\">Override</span>\n    public <span class=\"hljs-type\">Boolean</span> insert<span class=\"hljs-string\">${</span>className}(<span class=\"hljs-string\">${</span>className} <span class=\"hljs-string\">${</span>objectName}) {\n&lt;<span class=\"hljs-symbol\">#list</span> tableColumns as column&gt;\n    &lt;<span class=\"hljs-symbol\">#if</span> column.javaType == <span class=\"hljs-string\">\'LocalDateTime\'</span> &amp;&amp; <span class=\"hljs-comment\">\"createDateTime,createDate,createTime\"</span>?contains(column.javaField)&gt;\n        <span class=\"hljs-string\">${</span>objectName}.set<span class=\"hljs-string\">${</span>column.javaField?cap_first}(<span class=\"hljs-type\">LocalDateTime</span>.now());\n    &lt;/<span class=\"hljs-symbol\">#if</span>&gt;\n&lt;/<span class=\"hljs-symbol\">#list</span>&gt;\n        return this.save(<span class=\"hljs-string\">${</span>objectName});\n    }\n\n    /**\n     * 修改&lt;<span class=\"hljs-symbol\">#if</span> comment??&gt;<span class=\"hljs-string\">${</span>comment}&lt;/<span class=\"hljs-symbol\">#if</span>&gt;\n     *\n     * @param <span class=\"hljs-string\">${</span>objectName} <span class=\"hljs-string\">${</span>functionName}实体\n     * @return 结果\n     */\n    @<span class=\"hljs-type\">Override</span>\n    public <span class=\"hljs-type\">Boolean</span> update<span class=\"hljs-string\">${</span>className}(<span class=\"hljs-string\">${</span>className} <span class=\"hljs-string\">${</span>objectName}) {\n&lt;<span class=\"hljs-symbol\">#list</span> tableColumns as column&gt;\n    &lt;<span class=\"hljs-symbol\">#if</span> column.javaType == <span class=\"hljs-string\">\'LocalDateTime\'</span> &amp;&amp; <span class=\"hljs-comment\">\"updateDateTime,updateDate,updateTime\"</span>?contains(column.javaField)&gt;\n        <span class=\"hljs-string\">${</span>objectName}.set<span class=\"hljs-string\">${</span>column.javaField?cap_first}(<span class=\"hljs-type\">LocalDateTime</span>.now());\n    &lt;/<span class=\"hljs-symbol\">#if</span>&gt;\n&lt;/<span class=\"hljs-symbol\">#list</span>&gt;\n        return this.updateById(<span class=\"hljs-string\">${</span>objectName});\n    }\n\n    /**\n     * 批量删除&lt;<span class=\"hljs-symbol\">#if</span> comment??&gt;<span class=\"hljs-string\">${</span>comment}&lt;/<span class=\"hljs-symbol\">#if</span>&gt;\n     *\n     * @param ids 需要删除的数据<span class=\"hljs-type\">ID</span>\n     * @return 结果\n     */\n    @<span class=\"hljs-type\">Override</span>\n    public <span class=\"hljs-type\">Boolean</span> delete<span class=\"hljs-string\">${</span>className}<span class=\"hljs-type\">ByIds</span>(<span class=\"hljs-type\">String</span> ids) {\n        return this.removeByIds(<span class=\"hljs-type\">Arrays</span>.asList(<span class=\"hljs-type\">Convert</span>.toStrArray(ids)));\n    }\n\n}\n</pre>',
        'java', 1, 1, NOW());
INSERT INTO `gen_template_config`
VALUES (10, 2, 'Mapper',
        '<pre class=\"ql-syntax\" spellcheck=\"false\">package <span class=\"hljs-string\">${</span>packageName}&lt;<span class=\"hljs-symbol\">#if</span> moduleName??&gt;.<span class=\"hljs-string\">${</span>moduleName}&lt;/<span class=\"hljs-symbol\">#if</span>&gt;.mapper;\n\nimport com.baomidou.mybatisplus.core.mapper.<span class=\"hljs-type\">BaseMapper</span>;\nimport <span class=\"hljs-string\">${</span>packageName}&lt;<span class=\"hljs-symbol\">#if</span> moduleName??&gt;.<span class=\"hljs-string\">${</span>moduleName}&lt;/<span class=\"hljs-symbol\">#if</span>&gt;.entity.<span class=\"hljs-string\">${</span>className};\nimport org.apache.ibatis.annotations.<span class=\"hljs-type\">Mapper</span>;\n\n/**\n&nbsp;* &lt;<span class=\"hljs-symbol\">#if</span> comment??&gt;<span class=\"hljs-string\">${</span>comment}&lt;/<span class=\"hljs-symbol\">#if</span>&gt;映射层\n&nbsp;*\n&nbsp;* @author <span class=\"hljs-string\">${</span>author}\n&nbsp;* @version <span class=\"hljs-number\">1.0</span>\n&nbsp;* @date <span class=\"hljs-string\">${</span>datetime}\n&nbsp;*/\n@<span class=\"hljs-type\">Mapper</span>\npublic interface <span class=\"hljs-string\">${</span>className}<span class=\"hljs-type\">Mapper</span> extends <span class=\"hljs-type\">BaseMapper</span>&lt;<span class=\"hljs-string\">${</span>className}&gt; {\n\n}\n</pre>',
        'java', 1, 1, NOW());
INSERT INTO `gen_template_config`
VALUES (11, 2, 'Mapping',
        '<pre class=\"ql-syntax\" spellcheck=\"false\"><span class=\"hljs-meta\">&lt;?xml version=\"1.0\" encoding=\"UTF-8\"?&gt;</span>\n<span class=\"hljs-meta\">&lt;!DOCTYPE mapper\n&nbsp; &nbsp; &nbsp; &nbsp; PUBLIC \"-//mybatis.org//DTD Mapper 3.0//EN\"\n&nbsp; &nbsp; &nbsp; &nbsp; \"http://mybatis.org/dtd/mybatis-3-mapper.dtd\"&gt;</span>\n<span class=\"hljs-tag\">&lt;<span class=\"hljs-name\">mapper</span> <span class=\"hljs-attr\">namespace</span>=<span class=\"hljs-string\">\"$</span></span>{packageName}<span class=\"hljs-tag\"><span class=\"hljs-string\">&lt;#if moduleName??&gt;.$</span></span>{moduleName}<span class=\"hljs-tag\"><span class=\"hljs-string\">&lt;/#if&gt;.mapper.$</span></span>{className}<span class=\"hljs-tag\"><span class=\"hljs-string\">Mapper\"</span>&gt;</span>\n\n<span class=\"hljs-tag\">&lt;/<span class=\"hljs-name\">mapper</span>&gt;</span>\n</pre>',
        'xml', 1, 1, NOW());
INSERT INTO `gen_template_config`
VALUES (12, 2, 'Entity',
        '<pre class=\"ql-syntax\" spellcheck=\"false\">package <span class=\"hljs-string\">${</span>packageName}&lt;<span class=\"hljs-symbol\">#if</span> moduleName??&gt;.<span class=\"hljs-string\">${</span>moduleName}&lt;/<span class=\"hljs-symbol\">#if</span>&gt;.entity;\n\n&lt;<span class=\"hljs-symbol\">#list</span> importList as import&gt;\nimport <span class=\"hljs-string\">${</span>import};\n&lt;/<span class=\"hljs-symbol\">#list</span>&gt;\nimport lombok.<span class=\"hljs-type\">Data</span>;\nimport java.io.<span class=\"hljs-type\">Serializable</span>;\n\n/**\n * &lt;<span class=\"hljs-symbol\">#if</span> comment??&gt;<span class=\"hljs-string\">${</span>comment}&lt;/<span class=\"hljs-symbol\">#if</span>&gt;实体\n * \n * @author <span class=\"hljs-string\">${</span>author}\n * @version <span class=\"hljs-number\">1.0</span>\n * @date <span class=\"hljs-string\">${</span>datetime}\n */\n@<span class=\"hljs-type\">Data</span>\npublic class <span class=\"hljs-string\">${</span>className} implements <span class=\"hljs-type\">Serializable</span> {\n\n    private static final long serialVersionUID = <span class=\"hljs-number\">1</span>L;\n\n&lt;<span class=\"hljs-symbol\">#list</span> tableColumns as column&gt;\n    /**\n     * &lt;<span class=\"hljs-symbol\">#if</span> column.columnComment??&gt;<span class=\"hljs-string\">${</span>column.columnComment}&lt;/<span class=\"hljs-symbol\">#if</span>&gt;\n     */\n    &lt;<span class=\"hljs-symbol\">#if</span> column.javaType == <span class=\"hljs-string\">\'LocalDateTime\'</span>&gt;\n    @<span class=\"hljs-type\">JsonFormat</span>(timezone = <span class=\"hljs-comment\">\"GMT+8\"</span>, pattern = <span class=\"hljs-type\">DatePattern</span>.<span class=\"hljs-type\">NORM_DATETIME_PATTERN</span>)\n    &lt;/<span class=\"hljs-symbol\">#if</span>&gt;\n    private <span class=\"hljs-string\">${</span>column.javaType} import <span class=\"hljs-string\">${</span>column.javaField};\n\n&lt;/<span class=\"hljs-symbol\">#list</span>&gt;\n}\n</pre>',
        'java', 1, 1, NOW());
INSERT INTO `gen_template_config`
VALUES (13, 1, 'Api',
        '<pre class=\"ql-syntax\" spellcheck=\"false\">import request from <span class=\"hljs-string\">\'@/utils/request\'</span>\n\n// <span class=\"hljs-variable\">${functionName}</span>\nconst api = {\n&nbsp; <span class=\"hljs-variable\">${className}</span>: <span class=\"hljs-string\">\'/${moduleName}/${businessName}\'</span>\n}\n\n<span class=\"hljs-built_in\">export</span> <span class=\"hljs-keyword\">function</span> get<span class=\"hljs-variable\">${ClassName}</span>PageList (parameter) {\n&nbsp; <span class=\"hljs-built_in\">return</span> request({\n&nbsp; &nbsp; url: api.<span class=\"hljs-variable\">${className}</span> + <span class=\"hljs-string\">\'/pageList\'</span>,\n&nbsp; &nbsp; method: <span class=\"hljs-string\">\'get\'</span>,\n&nbsp; &nbsp; params: parameter\n&nbsp; })\n}\n\n<span class=\"hljs-built_in\">export</span> <span class=\"hljs-keyword\">function</span> save<span class=\"hljs-variable\">${ClassName}</span> (parameter) {\n&nbsp; <span class=\"hljs-built_in\">return</span> request({\n&nbsp; &nbsp; url: api.<span class=\"hljs-variable\">${className}</span> + (parameter.<span class=\"hljs-variable\">${pkColumn.javaField}</span> &gt; 0 ? <span class=\"hljs-string\">\'/update\'</span> : <span class=\"hljs-string\">\'/save\'</span>),\n&nbsp; &nbsp; method: <span class=\"hljs-string\">\'post\'</span>,\n&nbsp; &nbsp; data: parameter,\n&nbsp; &nbsp; headers: {\n&nbsp; &nbsp; &nbsp; <span class=\"hljs-string\">\'Content-Type\'</span>: <span class=\"hljs-string\">\'application/json;charset=UTF-8\'</span>\n&nbsp; &nbsp; }\n&nbsp; })\n}\n\n<span class=\"hljs-built_in\">export</span> <span class=\"hljs-keyword\">function</span> del<span class=\"hljs-variable\">${ClassName}</span> (parameter) {\n&nbsp; <span class=\"hljs-built_in\">return</span> request({\n&nbsp; &nbsp; url: api.<span class=\"hljs-variable\">${className}</span> + <span class=\"hljs-string\">\'/delete\'</span>,\n&nbsp; &nbsp; method: <span class=\"hljs-string\">\'post\'</span>,\n&nbsp; &nbsp; params: parameter\n&nbsp; })\n}\n</pre>',
        'js', 0, 0, NOW());
INSERT INTO `gen_template_config`
VALUES (14, 1, 'List',
        '<pre class=\"ql-syntax\" spellcheck=\"false\">&lt;template&gt;\n&nbsp; &lt;a-card :bordered=<span class=\"hljs-comment\">\"false\"</span>&gt;\n&nbsp; &nbsp; &lt;div class=<span class=\"hljs-comment\">\"table-page-search-wrapper\"</span>&gt;\n&nbsp; &nbsp; &nbsp; &lt;a-form layout=<span class=\"hljs-comment\">\"inline\"</span>&gt;\n&nbsp; &nbsp; &nbsp; &nbsp; &lt;a-row :gutter=<span class=\"hljs-comment\">\"48\"</span>&gt;\n<span class=\"hljs-symbol\">#foreach</span>(<span class=\"hljs-string\">$c</span>olumn in <span class=\"hljs-string\">$c</span>olumns)\n<span class=\"hljs-symbol\">#if</span>(<span class=\"hljs-string\">$c</span>olumn.isQuery == <span class=\"hljs-comment\">\"1\"</span>)\n<span class=\"hljs-symbol\">#set</span>(<span class=\"hljs-string\">$d</span>ictType=<span class=\"hljs-string\">$c</span>olumn.dictType)\n<span class=\"hljs-symbol\">#set</span>(<span class=\"hljs-string\">$A</span>ttrName=<span class=\"hljs-string\">$c</span>olumn.javaField.substring(<span class=\"hljs-number\">0</span>,<span class=\"hljs-number\">1</span>).toUpperCase() + <span class=\"hljs-string\">${</span>column.javaField.substring(<span class=\"hljs-number\">1</span>)})\n<span class=\"hljs-symbol\">#set</span>(<span class=\"hljs-string\">$p</span>arentheseIndex=<span class=\"hljs-string\">$c</span>olumn.columnComment.indexOf(<span class=\"hljs-comment\">\"（\"</span>))\n<span class=\"hljs-symbol\">#if</span>(<span class=\"hljs-string\">$p</span>arentheseIndex != <span class=\"hljs-number\">-1</span>)\n<span class=\"hljs-symbol\">#set</span>(<span class=\"hljs-string\">$c</span>omment=<span class=\"hljs-string\">$c</span>olumn.columnComment.substring(<span class=\"hljs-number\">0</span>, <span class=\"hljs-string\">$p</span>arentheseIndex))\n<span class=\"hljs-symbol\">#else</span>&nbsp;&nbsp;\n<span class=\"hljs-symbol\">#set</span>(<span class=\"hljs-string\">$c</span>omment=<span class=\"hljs-string\">$c</span>olumn.columnComment)\n<span class=\"hljs-symbol\">#end</span>\n<span class=\"hljs-symbol\">#if</span>(<span class=\"hljs-string\">$c</span>olumn.htmlType == <span class=\"hljs-comment\">\"input\"</span>)\n&nbsp; &nbsp; &nbsp; &nbsp; &nbsp; &lt;a-col :md=<span class=\"hljs-comment\">\"5\"</span> :sm=<span class=\"hljs-comment\">\"15\"</span>&gt;\n&nbsp; &nbsp; &nbsp; &nbsp; &nbsp; &nbsp; &lt;a-form-item label=<span class=\"hljs-comment\">\"${comment}\"</span>&gt;\n&nbsp; &nbsp; &nbsp; &nbsp; &nbsp; &nbsp; &nbsp; &lt;a-input placeholder=<span class=\"hljs-comment\">\"请输入${comment}\"</span> v-model=<span class=\"hljs-comment\">\"queryParam.${column.javaField}\"</span>/&gt;\n&nbsp; &nbsp; &nbsp; &nbsp; &nbsp; &nbsp; &lt;/a-form-item&gt;\n&nbsp; &nbsp; &nbsp; &nbsp; &nbsp; &lt;/a-col&gt;\n<span class=\"hljs-symbol\">#elseif</span>(<span class=\"hljs-string\">$c</span>olumn.htmlType == <span class=\"hljs-comment\">\"select\"</span>)\n&nbsp; &nbsp; &nbsp; &nbsp; &nbsp; &lt;a-col :md=<span class=\"hljs-comment\">\"5\"</span> :sm=<span class=\"hljs-comment\">\"15\"</span>&gt;\n&nbsp; &nbsp; &nbsp; &nbsp; &nbsp; &nbsp; &lt;a-form-item label=<span class=\"hljs-comment\">\"${comment}\"</span>&gt;\n&nbsp; &nbsp; &nbsp; &nbsp; &nbsp; &nbsp; &nbsp; &lt;a-select v-model=<span class=\"hljs-comment\">\"queryParam.${column.javaField}\"</span> allow-clear placeholder=<span class=\"hljs-comment\">\"请选择${comment}\"</span> default-value=<span class=\"hljs-comment\">\"0\"</span>&gt;\n&nbsp; &nbsp; &nbsp; &nbsp; &nbsp; &nbsp; &nbsp; &nbsp; &lt;a-select-option v-for=<span class=\"hljs-comment\">\"(item,index) in ${column.javaField}DictTypeDropDown\"</span> :key=<span class=\"hljs-comment\">\"index\"</span> :value=<span class=\"hljs-comment\">\"item.value\"</span> &gt;{{ item.name }}&lt;/a-select-option&gt;\n&nbsp; &nbsp; &nbsp; &nbsp; &nbsp; &nbsp; &nbsp; &lt;/a-select&gt;\n&nbsp; &nbsp; &nbsp; &nbsp; &nbsp; &nbsp; &lt;/a-form-item&gt;\n&nbsp; &nbsp; &nbsp; &nbsp; &nbsp; &lt;/a-col&gt;\n<span class=\"hljs-symbol\">#else</span>\n<span class=\"hljs-symbol\">#end</span>\n<span class=\"hljs-symbol\">#end</span>\n<span class=\"hljs-symbol\">#end</span>	\n&nbsp; &nbsp; &nbsp; &nbsp; &nbsp; &lt;a-col :md=<span class=\"hljs-comment\">\"3\"</span> :sm=<span class=\"hljs-comment\">\"13\"</span>&gt;\n&nbsp; &nbsp; &nbsp; &nbsp; &nbsp; &nbsp; &lt;span class=<span class=\"hljs-comment\">\"table-page-search-submitButtons\"</span>&gt;\n&nbsp; &nbsp; &nbsp; &nbsp; &nbsp; &nbsp; &nbsp; &lt;a-button type=<span class=\"hljs-comment\">\"primary\"</span> @click=<span class=\"hljs-comment\">\"$refs.table.refresh(true)\"</span>&gt;查询&lt;/a-button&gt;\n&nbsp; &nbsp; &nbsp; &nbsp; &nbsp; &nbsp; &nbsp; &lt;a-button style=<span class=\"hljs-comment\">\"margin-left: 8px\"</span> @click=<span class=\"hljs-comment\">\"() =&gt; queryParam = {}\"</span>&gt;重置&lt;/a-button&gt;\n&nbsp; &nbsp; &nbsp; &nbsp; &nbsp; &nbsp; &nbsp; &lt;a @click=<span class=\"hljs-comment\">\"toggleAdvanced\"</span> style=<span class=\"hljs-comment\">\"margin-left: 8px\"</span>&gt;\n&nbsp; &nbsp; &nbsp; &nbsp; &nbsp; &nbsp; &nbsp; &nbsp; {{ advanced ? <span class=\"hljs-string\">\'收起\'</span> : <span class=\"hljs-string\">\'展开\'</span> }}\n&nbsp; &nbsp; &nbsp; &nbsp; &nbsp; &nbsp; &nbsp; &nbsp; &lt;a-icon :type=<span class=\"hljs-comment\">\"advanced ? \'up\' : \'down\'\"</span>/&gt;\n&nbsp; &nbsp; &nbsp; &nbsp; &nbsp; &nbsp; &nbsp; &lt;/a&gt;\n&nbsp; &nbsp; &nbsp; &nbsp; &nbsp; &nbsp; &lt;/span&gt;\n&nbsp; &nbsp; &nbsp; &nbsp; &nbsp; &lt;/a-col&gt;\n&nbsp; &nbsp; &nbsp; &nbsp; &lt;/a-row&gt;\n&nbsp; &nbsp; &nbsp; &lt;/a-form&gt;\n&nbsp; &nbsp; &lt;/div&gt;\n&nbsp; &nbsp; &lt;s-table\n&nbsp; &nbsp; &nbsp; size=<span class=\"hljs-comment\">\"default\"</span>\n&nbsp; &nbsp; &nbsp; ref=<span class=\"hljs-comment\">\"table\"</span>\n&nbsp; &nbsp; &nbsp; rowKey=<span class=\"hljs-comment\">\"${pkColumn.javaField}\"</span>\n&nbsp; &nbsp; &nbsp; :rowSelection=<span class=\"hljs-comment\">\"{selectedRowKeys: selectedRowKeys, onChange: onSelectChange}\"</span>\n&nbsp; &nbsp; &nbsp; :columns=<span class=\"hljs-comment\">\"columns\"</span>\n&nbsp; &nbsp; &nbsp; :data=<span class=\"hljs-comment\">\"loadData\"</span>\n&nbsp; &nbsp; &gt;\n&nbsp; &nbsp; &nbsp; &lt;template slot=<span class=\"hljs-comment\">\"operator\"</span>&gt;\n&nbsp; &nbsp; &nbsp; &nbsp; &lt;a-button type=<span class=\"hljs-comment\">\"primary\"</span> v-hasPerm=<span class=\"hljs-comment\">\"\'${moduleName}:${className}:add\'\"</span> icon=<span class=\"hljs-comment\">\"plus\"</span> @click=<span class=\"hljs-comment\">\"handleAdd\"</span>&gt;新增&lt;/a-button&gt;\n&nbsp; &nbsp; &nbsp; &nbsp; &lt;a-dropdown style=<span class=\"hljs-comment\">\"margin-left: 8px\"</span> v-if=<span class=\"hljs-comment\">\"selectedRowKeys.length &gt; 0\"</span> v-hasPerm=<span class=\"hljs-comment\">\"\'${moduleName}:${className}:delete\'\"</span>&gt;\n##&nbsp; &nbsp; &nbsp; &nbsp; &nbsp; &lt;a-button type=<span class=\"hljs-comment\">\"danger\"</span> icon=<span class=\"hljs-comment\">\"delete\"</span> @click=<span class=\"hljs-comment\">\"delByIds(selectedRowKeys)\"</span>&gt;删除&lt;/a-button&gt;\n&nbsp; &nbsp; &nbsp; &nbsp; &nbsp; &nbsp; &lt;a-popconfirm placement=<span class=\"hljs-comment\">\"topRight\"</span> title=<span class=\"hljs-comment\">\"确认删除？\"</span> @confirm=<span class=\"hljs-comment\">\"() =&gt; delByIds(selectedRowKeys)\"</span>&gt;\n&nbsp; &nbsp; &nbsp; &nbsp; &nbsp; &nbsp; &nbsp; &nbsp; &lt;a-button type=<span class=\"hljs-comment\">\"primary\"</span> icon=<span class=\"hljs-comment\">\"close\"</span>&gt;删除&lt;/a-button&gt;\n&nbsp; &nbsp; &nbsp; &nbsp; &nbsp; &nbsp; &lt;/a-popconfirm&gt;\n&nbsp; &nbsp; &nbsp; &nbsp; &lt;/a-dropdown&gt;\n&nbsp; &nbsp; &nbsp; &lt;/template&gt;\n<span class=\"hljs-symbol\">#foreach</span>(<span class=\"hljs-string\">$c</span>olumn in <span class=\"hljs-string\">$c</span>olumns)\n<span class=\"hljs-symbol\">#if</span>(<span class=\"hljs-string\">$c</span>olumn.dictType != <span class=\"hljs-comment\">\"\"</span>)\n&nbsp; &nbsp; &nbsp; &lt;span slot=<span class=\"hljs-comment\">\"${column.javaField}\"</span> slot-scope=<span class=\"hljs-comment\">\"text\"</span>&gt;\n&nbsp; &nbsp; &nbsp; &nbsp; {{ <span class=\"hljs-string\">${</span>column.javaField}<span class=\"hljs-type\">Filter</span>(text) }}\n&nbsp; &nbsp; &nbsp; &lt;/span&gt;\n<span class=\"hljs-symbol\">#end</span>\n<span class=\"hljs-symbol\">#end</span>\n&nbsp; &nbsp; &nbsp; &lt;span slot=<span class=\"hljs-comment\">\"action\"</span> slot-scope=<span class=\"hljs-comment\">\"text, record\"</span>&gt;\n&nbsp; &nbsp; &nbsp; &nbsp; &lt;a v-hasPerm=<span class=\"hljs-comment\">\"\'${moduleName}:${className}:edit\'\"</span> @click=<span class=\"hljs-comment\">\"handleEdit(record)\"</span>&gt;编辑&lt;/a&gt;\n&nbsp; &nbsp; &nbsp; &nbsp; &lt;a-divider type=<span class=\"hljs-comment\">\"vertical\"</span> /&gt;\n&nbsp; &nbsp; &nbsp; &nbsp; &lt;a-popconfirm v-hasPerm=<span class=\"hljs-comment\">\"\'${moduleName}:${className}:delete\'\"</span> placement=<span class=\"hljs-comment\">\"topRight\"</span> title=<span class=\"hljs-comment\">\"确认删除？\"</span> @confirm=<span class=\"hljs-comment\">\"() =&gt; delByIds([record.${pkColumn.javaField}])\"</span>&gt;\n&nbsp; &nbsp; &nbsp; &nbsp; &nbsp; &lt;a&gt;删除&lt;/a&gt;\n&nbsp; &nbsp; &nbsp; &nbsp; &lt;/a-popconfirm&gt;\n&nbsp; &nbsp; &nbsp; &lt;/span&gt;\n&nbsp; &nbsp; &lt;/s-table&gt;\n&nbsp; &nbsp; &lt;<span class=\"hljs-string\">${</span>className}-modal ref=<span class=\"hljs-comment\">\"modal\"</span> @ok=<span class=\"hljs-comment\">\"handleOk\"</span>/&gt;\n&nbsp; &lt;/a-card&gt;\n&lt;/template&gt;\n\n\n&lt;script&gt;\nimport { <span class=\"hljs-type\">STable</span> } from <span class=\"hljs-string\">\'@/components\'</span>\nimport { get<span class=\"hljs-string\">${</span><span class=\"hljs-type\">ClassName</span>}<span class=\"hljs-type\">PageList</span>, del<span class=\"hljs-string\">${</span><span class=\"hljs-type\">ClassName</span>} } from <span class=\"hljs-string\">\'@/api/${moduleName}/${businessName}/${className}\'</span>\nimport <span class=\"hljs-string\">${</span><span class=\"hljs-type\">ClassName</span>}<span class=\"hljs-type\">Modal</span> from <span class=\"hljs-string\">\'./modules/${ClassName}Modal.vue\'</span>\n<span class=\"hljs-symbol\">#foreach</span>(<span class=\"hljs-string\">$c</span>olumn in <span class=\"hljs-string\">$c</span>olumns)\n<span class=\"hljs-symbol\">#if</span>(<span class=\"hljs-string\">$c</span>olumn.htmlType == <span class=\"hljs-comment\">\"select\"</span> || <span class=\"hljs-string\">$c</span>olumn.dictType != <span class=\"hljs-comment\">\"\"</span>)\nimport { sysDictTypeDropDown } from <span class=\"hljs-string\">\'@/api/system/dict/sysDictType\'</span>\n<span class=\"hljs-symbol\">#break</span>\n<span class=\"hljs-symbol\">#end</span>\n<span class=\"hljs-symbol\">#end</span>\n\n\nexport default {\n&nbsp; name: <span class=\"hljs-string\">\'TableList\'</span>,\n&nbsp; components: {\n&nbsp; &nbsp; <span class=\"hljs-type\">STable</span>,\n&nbsp; &nbsp; <span class=\"hljs-string\">${</span><span class=\"hljs-type\">ClassName</span>}<span class=\"hljs-type\">Modal</span>\n&nbsp; },\n&nbsp; data () {\n&nbsp; &nbsp; return {\n&nbsp; &nbsp; &nbsp; labelCol: {\n&nbsp; &nbsp; &nbsp; &nbsp; xs: { span: <span class=\"hljs-number\">24</span> },\n&nbsp; &nbsp; &nbsp; &nbsp; sm: { span: <span class=\"hljs-number\">5</span> }\n&nbsp; &nbsp; &nbsp; },\n&nbsp; &nbsp; &nbsp; wrapperCol: {\n&nbsp; &nbsp; &nbsp; &nbsp; xs: { span: <span class=\"hljs-number\">24</span> },\n&nbsp; &nbsp; &nbsp; &nbsp; sm: { span: <span class=\"hljs-number\">16</span> }\n&nbsp; &nbsp; &nbsp; },\n&nbsp; &nbsp; &nbsp; form: this.<span class=\"hljs-string\">$f</span>orm.createForm(this),\n&nbsp; &nbsp; &nbsp; mdl: {},\n&nbsp; &nbsp; &nbsp; // 高级搜索 展开/关闭\n&nbsp; &nbsp; &nbsp; advanced: <span class=\"hljs-keyword\">false</span>,\n&nbsp; &nbsp; &nbsp; // 查询参数\n&nbsp; &nbsp; &nbsp; queryParam: {},\n&nbsp; &nbsp; &nbsp; // 表头\n&nbsp; &nbsp; &nbsp; columns: [\n<span class=\"hljs-symbol\">#foreach</span>(<span class=\"hljs-string\">$c</span>olumn in <span class=\"hljs-string\">$c</span>olumns)\n<span class=\"hljs-symbol\">#set</span>(<span class=\"hljs-string\">$d</span>ictType=<span class=\"hljs-string\">$c</span>olumn.dictType)\n<span class=\"hljs-symbol\">#set</span>(<span class=\"hljs-string\">$j</span>avaField=<span class=\"hljs-string\">$c</span>olumn.javaField)\n<span class=\"hljs-symbol\">#set</span>(<span class=\"hljs-string\">$p</span>arentheseIndex=<span class=\"hljs-string\">$c</span>olumn.columnComment.indexOf(<span class=\"hljs-comment\">\"（\"</span>))\n<span class=\"hljs-symbol\">#if</span>(<span class=\"hljs-string\">$p</span>arentheseIndex != <span class=\"hljs-number\">-1</span>)\n<span class=\"hljs-symbol\">#set</span>(<span class=\"hljs-string\">$c</span>omment=<span class=\"hljs-string\">$c</span>olumn.columnComment.substring(<span class=\"hljs-number\">0</span>, <span class=\"hljs-string\">$p</span>arentheseIndex))\n<span class=\"hljs-symbol\">#else</span>\n<span class=\"hljs-symbol\">#set</span>(<span class=\"hljs-string\">$c</span>omment=<span class=\"hljs-string\">$c</span>olumn.columnComment)\n<span class=\"hljs-symbol\">#end</span>\n<span class=\"hljs-symbol\">#if</span>(<span class=\"hljs-string\">$c</span>olumn.isList == <span class=\"hljs-comment\">\"1\"</span>)\n<span class=\"hljs-symbol\">#if</span>(<span class=\"hljs-string\">$c</span>olumn.htmlType == <span class=\"hljs-comment\">\"datetime\"</span>)\n&nbsp; &nbsp; &nbsp; &nbsp; {\n&nbsp; &nbsp; &nbsp; &nbsp; &nbsp; title: <span class=\"hljs-string\">\'${comment}\'</span>,\n&nbsp; &nbsp; &nbsp; &nbsp; &nbsp; dataIndex: <span class=\"hljs-string\">\'${javaField}\'</span>,\n&nbsp; &nbsp; &nbsp; &nbsp; &nbsp; sorter: <span class=\"hljs-keyword\">true</span>,\n&nbsp; &nbsp; &nbsp; &nbsp; &nbsp; align: <span class=\"hljs-string\">\'center\'</span>\n&nbsp; &nbsp; &nbsp; &nbsp; },\n<span class=\"hljs-symbol\">#else</span>\n&nbsp; &nbsp; &nbsp; &nbsp; {\n&nbsp; &nbsp; &nbsp; &nbsp; &nbsp; title: <span class=\"hljs-string\">\'${comment}\'</span>,\n&nbsp; &nbsp; &nbsp; &nbsp; &nbsp; dataIndex: <span class=\"hljs-string\">\'${javaField}\'</span>,\n&nbsp; &nbsp; &nbsp; &nbsp; &nbsp; scopedSlots: { customRender: <span class=\"hljs-string\">\'${javaField}\'</span> },\n&nbsp; &nbsp; &nbsp; &nbsp; &nbsp; align: <span class=\"hljs-string\">\'center\'</span>\n&nbsp; &nbsp; &nbsp; &nbsp; },\n<span class=\"hljs-symbol\">#end</span>\n<span class=\"hljs-symbol\">#end</span>\n<span class=\"hljs-symbol\">#end</span>\n&nbsp; &nbsp; &nbsp; &nbsp; {\n&nbsp; &nbsp; &nbsp; &nbsp; &nbsp; title: <span class=\"hljs-string\">\'操作\'</span>,\n&nbsp; &nbsp; &nbsp; &nbsp; &nbsp; width: <span class=\"hljs-string\">\'200px\'</span>,\n&nbsp; &nbsp; &nbsp; &nbsp; &nbsp; dataIndex: <span class=\"hljs-string\">\'action\'</span>,\n&nbsp; &nbsp; &nbsp; &nbsp; &nbsp; scopedSlots: { customRender: <span class=\"hljs-string\">\'action\'</span> },\n&nbsp; &nbsp; &nbsp; &nbsp; &nbsp; align: <span class=\"hljs-string\">\'center\'</span>\n&nbsp; &nbsp; &nbsp; &nbsp; }\n&nbsp; &nbsp; &nbsp; ],\n&nbsp; &nbsp; &nbsp; // 加载数据方法 必须为 <span class=\"hljs-type\">Promise</span> 对象\n&nbsp; &nbsp; &nbsp; loadData: parameter =&gt; {\n&nbsp; &nbsp; &nbsp; &nbsp; return get<span class=\"hljs-string\">${</span><span class=\"hljs-type\">ClassName</span>}<span class=\"hljs-type\">PageList</span>(<span class=\"hljs-type\">Object</span>.assign(parameter, this.queryParam)).then((res) =&gt; {\n&nbsp; &nbsp; &nbsp; &nbsp; &nbsp; return res.data\n&nbsp; &nbsp; &nbsp; &nbsp; })\n&nbsp; &nbsp; &nbsp; },\n<span class=\"hljs-symbol\">#foreach</span>(<span class=\"hljs-string\">$c</span>olumn in <span class=\"hljs-string\">$c</span>olumns)\n<span class=\"hljs-symbol\">#if</span>(<span class=\"hljs-string\">$c</span>olumn.htmlType == <span class=\"hljs-comment\">\"select\"</span> || <span class=\"hljs-string\">$c</span>olumn.dictType != <span class=\"hljs-comment\">\"\"</span>)\n&nbsp; &nbsp; <span class=\"hljs-string\">${</span>column.javaField}<span class=\"hljs-type\">DictTypeDropDown</span>: [],\n<span class=\"hljs-symbol\">#end</span>\n<span class=\"hljs-symbol\">#end</span>\n&nbsp; &nbsp; &nbsp; selectedRowKeys: [],\n&nbsp; &nbsp; &nbsp; selectedRows: []\n&nbsp; &nbsp; }\n&nbsp; },\n&nbsp; filters: {\n&nbsp; },\n&nbsp; created () {\n&nbsp; &nbsp; this.sysDictTypeDropDown()\n&nbsp; },\n&nbsp; methods: {\n&nbsp; &nbsp; onSelectChange (selectedRowKeys, selectedRows) {\n&nbsp; &nbsp; &nbsp; this.selectedRowKeys = selectedRowKeys\n&nbsp; &nbsp; &nbsp; this.selectedRows = selectedRows\n&nbsp; &nbsp; },\n&nbsp; &nbsp; handleAdd () {\n&nbsp; &nbsp; &nbsp; this.<span class=\"hljs-string\">$r</span>efs.modal.add()\n&nbsp; &nbsp; },\n&nbsp; &nbsp; handleEdit (record) {\n&nbsp; &nbsp; &nbsp; this.<span class=\"hljs-string\">$r</span>efs.modal.edit(record)\n&nbsp; &nbsp; },\n&nbsp; &nbsp; handleOk () {\n&nbsp; &nbsp; &nbsp; this.<span class=\"hljs-string\">$r</span>efs.table.refresh(<span class=\"hljs-keyword\">true</span>)\n&nbsp; &nbsp; &nbsp; console.log(<span class=\"hljs-string\">\'handleSaveOk\'</span>)\n&nbsp; &nbsp; },\n<span class=\"hljs-symbol\">#foreach</span>(<span class=\"hljs-string\">$c</span>olumn in <span class=\"hljs-string\">$c</span>olumns)\n<span class=\"hljs-symbol\">#if</span>(<span class=\"hljs-string\">$c</span>olumn.dictType != <span class=\"hljs-comment\">\"\"</span>)\n&nbsp; &nbsp; <span class=\"hljs-string\">${</span>column.javaField}<span class=\"hljs-type\">Filter</span> (<span class=\"hljs-string\">${</span>column.javaField}) {\n&nbsp; &nbsp; &nbsp; // eslint-disable-next-line eqeqeq\n&nbsp; &nbsp; &nbsp; const values = this.<span class=\"hljs-string\">${</span>column.javaField}<span class=\"hljs-type\">DictTypeDropDown</span>.filter(item =&gt; item.value == <span class=\"hljs-string\">${</span>column.javaField})\n&nbsp; &nbsp; &nbsp; if (values.length &gt; <span class=\"hljs-number\">0</span>) {\n&nbsp; &nbsp; &nbsp; &nbsp; return values[<span class=\"hljs-number\">0</span>].name\n&nbsp; &nbsp; &nbsp; }\n&nbsp; &nbsp; },\n<span class=\"hljs-symbol\">#end</span>\n<span class=\"hljs-symbol\">#end</span>\n&nbsp; &nbsp; sysDictTypeDropDown () {\n<span class=\"hljs-symbol\">#foreach</span>(<span class=\"hljs-string\">$c</span>olumn in <span class=\"hljs-string\">$c</span>olumns)\n<span class=\"hljs-symbol\">#if</span>(<span class=\"hljs-string\">$c</span>olumn.htmlType == <span class=\"hljs-comment\">\"select\"</span> || <span class=\"hljs-string\">$c</span>olumn.dictType != <span class=\"hljs-comment\">\"\"</span>)\n&nbsp; &nbsp; &nbsp; sysDictTypeDropDown({ code: <span class=\"hljs-string\">\'${column.columnName}\'</span> }).then((res) =&gt; {\n&nbsp; &nbsp; &nbsp; &nbsp; this.<span class=\"hljs-string\">${</span>column.javaField}<span class=\"hljs-type\">DictTypeDropDown</span> = res.data\n&nbsp; &nbsp; &nbsp; })\n<span class=\"hljs-symbol\">#end</span>\n<span class=\"hljs-symbol\">#end</span>\n&nbsp; &nbsp; },\n<span class=\"hljs-symbol\">#set</span>(<span class=\"hljs-string\">$f</span>oo=<span class=\"hljs-comment\">\"$\"</span>)\n&nbsp; &nbsp; delByIds (ids) {\n&nbsp; &nbsp; &nbsp; del<span class=\"hljs-string\">${</span><span class=\"hljs-type\">ClassName</span>}({ ids: ids.join(<span class=\"hljs-string\">\',\'</span>) }).then(res =&gt; {\n&nbsp; &nbsp; &nbsp; &nbsp; if (res.code === <span class=\"hljs-number\">200</span>) {\n&nbsp; &nbsp; &nbsp; &nbsp; &nbsp; this.<span class=\"hljs-string\">${</span>foo}message.success(<span class=\"hljs-string\">\'删除成功\'</span>)\n&nbsp; &nbsp; &nbsp; &nbsp; &nbsp; this.handleOk()\n&nbsp; &nbsp; &nbsp; &nbsp; } else {\n&nbsp; &nbsp; &nbsp; &nbsp; &nbsp; this.<span class=\"hljs-string\">${</span>foo}message.error(res.message)\n&nbsp; &nbsp; &nbsp; &nbsp; }\n&nbsp; &nbsp; &nbsp; &nbsp; this.selectedRowKeys = []\n&nbsp; &nbsp; &nbsp; })\n&nbsp; &nbsp; },\n&nbsp; &nbsp; toggleAdvanced () {\n&nbsp; &nbsp; &nbsp; this.advanced = !this.advanced\n&nbsp; &nbsp; }\n&nbsp; },\n&nbsp; watch: {\n&nbsp; &nbsp; /*\n&nbsp; &nbsp; &nbsp; <span class=\"hljs-string\">\'selectedRows\'</span>: function (selectedRows) {\n&nbsp; &nbsp; &nbsp; &nbsp; this.needTotalList = this.needTotalList.map(item =&gt; {\n&nbsp; &nbsp; &nbsp; &nbsp; &nbsp; return {\n&nbsp; &nbsp; &nbsp; &nbsp; &nbsp; &nbsp; ...item,\n&nbsp; &nbsp; &nbsp; &nbsp; &nbsp; &nbsp; total: selectedRows.reduce( (sum, val) =&gt; {\n&nbsp; &nbsp; &nbsp; &nbsp; &nbsp; &nbsp; &nbsp; return sum + val[item.dataIndex]\n&nbsp; &nbsp; &nbsp; &nbsp; &nbsp; &nbsp; }, <span class=\"hljs-number\">0</span>)\n&nbsp; &nbsp; &nbsp; &nbsp; &nbsp; }\n&nbsp; &nbsp; &nbsp; &nbsp; })\n&nbsp; &nbsp; &nbsp; }\n&nbsp; &nbsp; &nbsp; */\n&nbsp; }\n}\n&lt;/script&gt;\n</pre>',
        'vue', 0, 0, NOW());
INSERT INTO `gen_template_config`
VALUES (15, 1, 'Modal',
        '<pre class=\"ql-syntax\" spellcheck=\"false\">&lt;template&gt;\n&nbsp; &lt;a-modal\n&nbsp; &nbsp; title=\"操作\"\n&nbsp; &nbsp; style=\"top: 20px;\"\n    width=\"40%\"\n&nbsp; &nbsp; v-model=\"visible\"\n&nbsp; &nbsp; :confirmLoading=\"confirmLoading\"\n&nbsp; &nbsp; @ok=\"handleSubmit\"\n&nbsp; &gt;\n&nbsp; &nbsp; &lt;a-form :form=\"form\"&gt;\n&nbsp; &nbsp; &nbsp; &lt;a-form-item style=\"display:none\"&gt;\n&nbsp; &nbsp; &nbsp; &nbsp; &lt;a-input v-decorator=\"[\'${pkColumn.javaField}\']\"/&gt;\n&nbsp; &nbsp; &nbsp; &lt;/a-form-item&gt;\n<span class=\"hljs-function\"><span class=\"hljs-keyword\">#</span><span class=\"hljs-title\">foreach</span><span class=\"hljs-params\">($<span class=\"hljs-variable\">column</span> <span class=\"hljs-variable\">in</span> $<span class=\"hljs-variable\">columns</span>)</span></span>\n<span class=\"hljs-function\"><span class=\"hljs-keyword\">#</span><span class=\"hljs-title\">if</span><span class=\"hljs-params\">(!$<span class=\"hljs-variable\">column</span>.<span class=\"hljs-variable\">pk</span>)</span></span>\n<span class=\"hljs-function\"><span class=\"hljs-keyword\">#</span><span class=\"hljs-title\">set</span><span class=\"hljs-params\">($<span class=\"hljs-variable\">parentheseIndex</span>=$<span class=\"hljs-variable\">column</span>.<span class=\"hljs-variable\">columnComment</span>.<span class=\"hljs-variable\">indexOf</span>(<span class=\"hljs-string\">\"（\"</span>)</span></span>)\n<span class=\"hljs-function\"><span class=\"hljs-keyword\">#</span><span class=\"hljs-title\">if</span><span class=\"hljs-params\">($<span class=\"hljs-variable\">parentheseIndex</span> != -1)</span></span>\n<span class=\"hljs-function\"><span class=\"hljs-keyword\">#</span><span class=\"hljs-title\">set</span><span class=\"hljs-params\">($<span class=\"hljs-variable\">comment</span>=$<span class=\"hljs-variable\">column</span>.<span class=\"hljs-variable\">columnComment</span>.<span class=\"hljs-variable\">substring</span>(0, $<span class=\"hljs-variable\">parentheseIndex</span>)</span></span>)\n#else\n<span class=\"hljs-function\"><span class=\"hljs-keyword\">#</span><span class=\"hljs-title\">set</span><span class=\"hljs-params\">($<span class=\"hljs-variable\">comment</span>=$<span class=\"hljs-variable\">column</span>.<span class=\"hljs-variable\">columnComment</span>)</span></span>\n#end\n<span class=\"hljs-function\"><span class=\"hljs-keyword\">#</span><span class=\"hljs-title\">set</span><span class=\"hljs-params\">($<span class=\"hljs-variable\">field</span>=$<span class=\"hljs-variable\">column</span>.<span class=\"hljs-variable\">javaField</span>)</span></span>\n<span class=\"hljs-function\"><span class=\"hljs-keyword\">#</span><span class=\"hljs-title\">set</span><span class=\"hljs-params\">($<span class=\"hljs-variable\">dictType</span>=$<span class=\"hljs-variable\">column</span>.<span class=\"hljs-variable\">dictType</span>)</span></span>\n<span class=\"hljs-function\"><span class=\"hljs-keyword\">#</span><span class=\"hljs-title\">if</span><span class=\"hljs-params\">($<span class=\"hljs-variable\">column</span>.<span class=\"hljs-variable\">isEdit</span> == <span class=\"hljs-string\">\"1\"</span>)</span></span>\n<span class=\"hljs-function\"><span class=\"hljs-keyword\">#</span><span class=\"hljs-title\">if</span><span class=\"hljs-params\">($<span class=\"hljs-variable\">column</span>.<span class=\"hljs-variable\">htmlType</span> == <span class=\"hljs-string\">\"input\"</span>)</span></span>\n&nbsp; &nbsp; &nbsp; &lt;a-form-item :labelCol=\"labelCol\" :wrapperCol=\"wrapperCol\" label=\"${comment}\" has-feedback&gt;\n&nbsp; &nbsp; &nbsp; &nbsp; &lt;a-input placeholder=\"${comment}\" v-decorator=\"[\'${field}\'<span class=\"hljs-function\"><span class=\"hljs-keyword\">#</span><span class=\"hljs-title\">if</span><span class=\"hljs-params\">($<span class=\"hljs-variable\">column</span>.<span class=\"hljs-variable\">isRequired</span> == <span class=\"hljs-string\">\"1\"</span>)</span></span>, {rules: [{required: true, message: \'请输入${comment}\'}]}#end]\"/&gt;\n&nbsp; &nbsp; &nbsp; &lt;/a-form-item&gt;\n<span class=\"hljs-function\"><span class=\"hljs-keyword\">#</span><span class=\"hljs-title\">elseif</span><span class=\"hljs-params\">($<span class=\"hljs-variable\">column</span>.<span class=\"hljs-variable\">htmlType</span> == <span class=\"hljs-string\">\"select\"</span>)</span></span>\n&nbsp; &nbsp; &nbsp; &lt;a-form-item :labelCol=\"labelCol\" :wrapperCol=\"wrapperCol\" label=\"${comment}\"&gt;\n&nbsp; &nbsp; &nbsp; &nbsp; &lt;a-select allow-clear placeholder=\"请选择${comment}\" v-decorator=\"[\'${field}\',{rules: [{ required: true, message: \'请选择${comment}！\' }]}]\"&gt;\n&nbsp; &nbsp; &nbsp; &nbsp; &nbsp; &lt;a-select-option v-for=\"(item,index) in ${column.javaField}DictTypeDropDown\" :key=\"index\" :value=\"item.value\" &gt;{{ item.name }}&lt;/a-select-option&gt;\n&nbsp; &nbsp; &nbsp; &nbsp; &lt;/a-select&gt;\n&nbsp; &nbsp; &nbsp; &lt;/a-form-item&gt;\n#else\n#end\n#end\n#end\n#end\n&nbsp; &nbsp; &lt;/a-form&gt;\n&nbsp; &lt;/a-modal&gt;\n&lt;/template&gt;\n&lt;script&gt;\nimport { save${ClassName} } from \'@/api/${moduleName}/${businessName}/${className}\'\nimport pick from \'lodash.pick\'\n<span class=\"hljs-function\"><span class=\"hljs-keyword\">#</span><span class=\"hljs-title\">foreach</span><span class=\"hljs-params\">($<span class=\"hljs-variable\">column</span> <span class=\"hljs-variable\">in</span> $<span class=\"hljs-variable\">columns</span>)</span></span>\n<span class=\"hljs-function\"><span class=\"hljs-keyword\">#</span><span class=\"hljs-title\">if</span><span class=\"hljs-params\">($<span class=\"hljs-variable\">column</span>.<span class=\"hljs-variable\">htmlType</span> == <span class=\"hljs-string\">\"select\"</span> || $<span class=\"hljs-variable\">column</span>.<span class=\"hljs-variable\">dictType</span> != <span class=\"hljs-string\">\"\"</span>)</span></span>\nimport { sysDictTypeDropDown } from \'@/api/system/dict/sysDictType\'\n#break\n#end\n#end\n\n\nexport default {\n&nbsp; name: \'${ClassName}Modal\',\n&nbsp; props: {\n&nbsp; },\n&nbsp; components: {\n&nbsp; },\n&nbsp; data () {\n&nbsp; &nbsp; return {\n&nbsp; &nbsp; &nbsp; visible: false,\n&nbsp; &nbsp; &nbsp; labelCol: {\n&nbsp; &nbsp; &nbsp; &nbsp; xs: { span: 24 },\n&nbsp; &nbsp; &nbsp; &nbsp; sm: { span: 5 }\n&nbsp; &nbsp; &nbsp; },\n&nbsp; &nbsp; &nbsp; wrapperCol: {\n&nbsp; &nbsp; &nbsp; &nbsp; xs: { span: 24 },\n&nbsp; &nbsp; &nbsp; &nbsp; sm: { span: 16 }\n&nbsp; &nbsp; &nbsp; },\n<span class=\"hljs-function\"><span class=\"hljs-keyword\">#</span><span class=\"hljs-title\">foreach</span><span class=\"hljs-params\">($<span class=\"hljs-variable\">column</span> <span class=\"hljs-variable\">in</span> $<span class=\"hljs-variable\">columns</span>)</span></span>\n<span class=\"hljs-function\"><span class=\"hljs-keyword\">#</span><span class=\"hljs-title\">if</span><span class=\"hljs-params\">($<span class=\"hljs-variable\">column</span>.<span class=\"hljs-variable\">htmlType</span> == <span class=\"hljs-string\">\"select\"</span> || $<span class=\"hljs-variable\">column</span>.<span class=\"hljs-variable\">dictType</span> != <span class=\"hljs-string\">\"\"</span>)</span></span>\n&nbsp; &nbsp; &nbsp; ${column.javaField}DictTypeDropDown: [],\n#end\n#end\n&nbsp; &nbsp; &nbsp; confirmLoading: false,\n&nbsp; &nbsp; &nbsp; mdl: {},\n&nbsp; &nbsp; &nbsp; form: this.$form.createForm(this)\n&nbsp; &nbsp; }\n&nbsp; },\n&nbsp; beforeCreate () {\n&nbsp; },\n&nbsp; created () {\n&nbsp; &nbsp; this.sysDictTypeDropDown()\n&nbsp; },\n&nbsp; methods: {\n&nbsp; &nbsp; add () {\n&nbsp; &nbsp; &nbsp; this.form.resetFields()\n&nbsp; &nbsp; &nbsp; this.edit({ ${pkColumn.javaField}: 0 })\n&nbsp; &nbsp; },\n&nbsp; &nbsp; edit (record) {\n&nbsp; &nbsp; &nbsp; this.mdl = Object.assign(record)\n&nbsp; &nbsp; &nbsp; this.visible = true\n&nbsp; &nbsp; &nbsp; this.$nextTick(() =&gt; {\n&nbsp; &nbsp; &nbsp; &nbsp; this.form.setFieldsValue(pick(this.mdl, <span class=\"hljs-function\"><span class=\"hljs-keyword\">#</span><span class=\"hljs-title\">foreach</span><span class=\"hljs-params\">($<span class=\"hljs-variable\">column</span> <span class=\"hljs-variable\">in</span> $<span class=\"hljs-variable\">columns</span>)</span><span class=\"hljs-keyword\">#</span><span class=\"hljs-title\">if</span><span class=\"hljs-params\">($<span class=\"hljs-variable\">foreach</span>.<span class=\"hljs-variable\">hasNext</span>)</span></span>\'${column.javaField}\', #else\'${column.javaField}\'#end#end))\n&nbsp; &nbsp; &nbsp; })\n&nbsp; &nbsp; },\n&nbsp; &nbsp; sysDictTypeDropDown () {\n<span class=\"hljs-function\"><span class=\"hljs-keyword\">#</span><span class=\"hljs-title\">foreach</span><span class=\"hljs-params\">($<span class=\"hljs-variable\">column</span> <span class=\"hljs-variable\">in</span> $<span class=\"hljs-variable\">columns</span>)</span></span>\n<span class=\"hljs-function\"><span class=\"hljs-keyword\">#</span><span class=\"hljs-title\">if</span><span class=\"hljs-params\">($<span class=\"hljs-variable\">column</span>.<span class=\"hljs-variable\">htmlType</span> == <span class=\"hljs-string\">\"select\"</span> || $<span class=\"hljs-variable\">column</span>.<span class=\"hljs-variable\">dictType</span> != <span class=\"hljs-string\">\"\"</span>)</span></span>\n&nbsp; &nbsp; &nbsp; &nbsp; sysDictTypeDropDown({ code: \'${column.javaField}\' }).then((res) =&gt; {\n&nbsp; &nbsp; &nbsp; &nbsp; &nbsp; &nbsp; this.${column.javaField}DictTypeDropDown = res.data\n&nbsp; &nbsp; &nbsp; &nbsp; })\n#end\n#end\n&nbsp; &nbsp; },\n<span class=\"hljs-function\"><span class=\"hljs-keyword\">#</span><span class=\"hljs-title\">set</span><span class=\"hljs-params\">($<span class=\"hljs-variable\">foo</span>=<span class=\"hljs-string\">\"$\"</span>)</span></span>\n&nbsp; &nbsp; handleSubmit (e) {\n&nbsp; &nbsp; &nbsp; e.preventDefault()\n&nbsp; &nbsp; &nbsp; this.form.validateFields((err, values) =&gt; {\n&nbsp; &nbsp; &nbsp; &nbsp; if (!err) {\n&nbsp; &nbsp; &nbsp; &nbsp; &nbsp; console.log(\'Received values of form: \', values)\n&nbsp; &nbsp; &nbsp; &nbsp; &nbsp; this.confirmLoading = true\n&nbsp; &nbsp; &nbsp; &nbsp; &nbsp; save${ClassName}(values).then(res =&gt; {\n&nbsp; &nbsp; &nbsp; &nbsp; &nbsp; &nbsp; if (res.code === 200) {\n&nbsp; &nbsp; &nbsp; &nbsp; &nbsp; &nbsp; &nbsp; this.${foo}message.success(\'保存成功\')\n&nbsp; &nbsp; &nbsp; &nbsp; &nbsp; &nbsp; &nbsp; this.$emit(\'ok\')\n&nbsp; &nbsp; &nbsp; &nbsp; &nbsp; &nbsp; &nbsp; this.visible = false\n&nbsp; &nbsp; &nbsp; &nbsp; &nbsp; &nbsp; } else {\n&nbsp; &nbsp; &nbsp; &nbsp; &nbsp; &nbsp; &nbsp; this.${foo}message.error(res.message)\n&nbsp; &nbsp; &nbsp; &nbsp; &nbsp; &nbsp; }\n&nbsp; &nbsp; &nbsp; &nbsp; &nbsp; }).catch(() =&gt; {\n&nbsp; &nbsp; &nbsp; &nbsp; &nbsp; &nbsp; this.$message.error(\'系统错误，请稍后再试\')\n&nbsp; &nbsp; &nbsp; &nbsp; &nbsp; }).finally(() =&gt; {\n&nbsp; &nbsp; &nbsp; &nbsp; &nbsp; &nbsp; this.confirmLoading = false\n&nbsp; &nbsp; &nbsp; &nbsp; &nbsp; })\n&nbsp; &nbsp; &nbsp; &nbsp; }\n&nbsp; &nbsp; &nbsp; })\n&nbsp; &nbsp; }\n&nbsp; },\n&nbsp; watch: {\n&nbsp; &nbsp; /*\n&nbsp; &nbsp; &nbsp; \'selectedRows\': function (selectedRows) {\n&nbsp; &nbsp; &nbsp; &nbsp; this.needTotalList = this.needTotalList.map(item =&gt; {\n&nbsp; &nbsp; &nbsp; &nbsp; &nbsp; return {\n&nbsp; &nbsp; &nbsp; &nbsp; &nbsp; &nbsp; ...item,\n&nbsp; &nbsp; &nbsp; &nbsp; &nbsp; &nbsp; total: selectedRows.reduce( (sum, val) =&gt; {\n&nbsp; &nbsp; &nbsp; &nbsp; &nbsp; &nbsp; &nbsp; return sum + val[item.dataIndex]\n&nbsp; &nbsp; &nbsp; &nbsp; &nbsp; &nbsp; }, 0)\n&nbsp; &nbsp; &nbsp; &nbsp; &nbsp; }\n&nbsp; &nbsp; &nbsp; &nbsp; })\n&nbsp; &nbsp; &nbsp; }\n&nbsp; &nbsp; &nbsp; */\n&nbsp; }\n}\n&lt;/script&gt;\n</pre>',
        'vue', 0, 0, NOW());
INSERT INTO `gen_template_config`
VALUES (16, 6, 'Api',
        '<pre class=\"ql-syntax\" spellcheck=\"false\">import request from <span class=\"hljs-string\">\'@/utils/request\'</span>\n\n// <span class=\"hljs-variable\">${functionName}</span>\nconst api = {\n&nbsp; <span class=\"hljs-variable\">${className}</span>: <span class=\"hljs-string\">\'/${moduleName}/${businessName}\'</span>\n}\n\n<span class=\"hljs-built_in\">export</span> <span class=\"hljs-keyword\">function</span> get<span class=\"hljs-variable\">${ClassName}</span>PageList (parameter) {\n&nbsp; <span class=\"hljs-built_in\">return</span> request({\n&nbsp; &nbsp; url: api.<span class=\"hljs-variable\">${className}</span> + <span class=\"hljs-string\">\'/pageList\'</span>,\n&nbsp; &nbsp; method: <span class=\"hljs-string\">\'get\'</span>,\n&nbsp; &nbsp; params: parameter\n&nbsp; })\n}\n\n<span class=\"hljs-built_in\">export</span> <span class=\"hljs-keyword\">function</span> save<span class=\"hljs-variable\">${ClassName}</span> (parameter) {\n&nbsp; <span class=\"hljs-built_in\">return</span> request({\n&nbsp; &nbsp; url: api.<span class=\"hljs-variable\">${className}</span> + (parameter.<span class=\"hljs-variable\">${pkColumn.javaField}</span> &gt; 0 ? <span class=\"hljs-string\">\'/update\'</span> : <span class=\"hljs-string\">\'/save\'</span>),\n&nbsp; &nbsp; method: <span class=\"hljs-string\">\'post\'</span>,\n&nbsp; &nbsp; data: parameter,\n&nbsp; &nbsp; headers: {\n&nbsp; &nbsp; &nbsp; <span class=\"hljs-string\">\'Content-Type\'</span>: <span class=\"hljs-string\">\'application/json;charset=UTF-8\'</span>\n&nbsp; &nbsp; }\n&nbsp; })\n}\n\n<span class=\"hljs-built_in\">export</span> <span class=\"hljs-keyword\">function</span> del<span class=\"hljs-variable\">${ClassName}</span> (parameter) {\n&nbsp; <span class=\"hljs-built_in\">return</span> request({\n&nbsp; &nbsp; url: api.<span class=\"hljs-variable\">${className}</span> + <span class=\"hljs-string\">\'/delete\'</span>,\n&nbsp; &nbsp; method: <span class=\"hljs-string\">\'post\'</span>,\n&nbsp; &nbsp; params: parameter\n&nbsp; })\n}\n</pre>',
        'js', 0, 1, NOW());
INSERT INTO `gen_template_config`
VALUES (17, 4, 'List',
        '<pre class=\"ql-syntax\" spellcheck=\"false\">&lt;template&gt;\n&nbsp; &lt;a-card :bordered=<span class=\"hljs-comment\">\"false\"</span>&gt;\n&nbsp; &nbsp; &lt;div class=<span class=\"hljs-comment\">\"table-page-search-wrapper\"</span>&gt;\n&nbsp; &nbsp; &nbsp; &lt;a-form layout=<span class=\"hljs-comment\">\"inline\"</span>&gt;\n&nbsp; &nbsp; &nbsp; &nbsp; &lt;a-row :gutter=<span class=\"hljs-comment\">\"48\"</span>&gt;\n<span class=\"hljs-symbol\">#foreach</span>(<span class=\"hljs-string\">$c</span>olumn in <span class=\"hljs-string\">$c</span>olumns)\n<span class=\"hljs-symbol\">#if</span>(<span class=\"hljs-string\">$c</span>olumn.isQuery == <span class=\"hljs-comment\">\"1\"</span>)\n<span class=\"hljs-symbol\">#set</span>(<span class=\"hljs-string\">$d</span>ictType=<span class=\"hljs-string\">$c</span>olumn.dictType)\n<span class=\"hljs-symbol\">#set</span>(<span class=\"hljs-string\">$A</span>ttrName=<span class=\"hljs-string\">$c</span>olumn.javaField.substring(<span class=\"hljs-number\">0</span>,<span class=\"hljs-number\">1</span>).toUpperCase() + <span class=\"hljs-string\">${</span>column.javaField.substring(<span class=\"hljs-number\">1</span>)})\n<span class=\"hljs-symbol\">#set</span>(<span class=\"hljs-string\">$p</span>arentheseIndex=<span class=\"hljs-string\">$c</span>olumn.columnComment.indexOf(<span class=\"hljs-comment\">\"（\"</span>))\n<span class=\"hljs-symbol\">#if</span>(<span class=\"hljs-string\">$p</span>arentheseIndex != <span class=\"hljs-number\">-1</span>)\n<span class=\"hljs-symbol\">#set</span>(<span class=\"hljs-string\">$c</span>omment=<span class=\"hljs-string\">$c</span>olumn.columnComment.substring(<span class=\"hljs-number\">0</span>, <span class=\"hljs-string\">$p</span>arentheseIndex))\n<span class=\"hljs-symbol\">#else</span>&nbsp;&nbsp;\n<span class=\"hljs-symbol\">#set</span>(<span class=\"hljs-string\">$c</span>omment=<span class=\"hljs-string\">$c</span>olumn.columnComment)\n<span class=\"hljs-symbol\">#end</span>\n<span class=\"hljs-symbol\">#if</span>(<span class=\"hljs-string\">$c</span>olumn.htmlType == <span class=\"hljs-comment\">\"input\"</span>)\n&nbsp; &nbsp; &nbsp; &nbsp; &nbsp; &lt;a-col :md=<span class=\"hljs-comment\">\"5\"</span> :sm=<span class=\"hljs-comment\">\"15\"</span>&gt;\n&nbsp; &nbsp; &nbsp; &nbsp; &nbsp; &nbsp; &lt;a-form-item label=<span class=\"hljs-comment\">\"${comment}\"</span>&gt;\n&nbsp; &nbsp; &nbsp; &nbsp; &nbsp; &nbsp; &nbsp; &lt;a-input placeholder=<span class=\"hljs-comment\">\"请输入${comment}\"</span> v-model=<span class=\"hljs-comment\">\"queryParam.${column.javaField}\"</span>/&gt;\n&nbsp; &nbsp; &nbsp; &nbsp; &nbsp; &nbsp; &lt;/a-form-item&gt;\n&nbsp; &nbsp; &nbsp; &nbsp; &nbsp; &lt;/a-col&gt;\n<span class=\"hljs-symbol\">#elseif</span>(<span class=\"hljs-string\">$c</span>olumn.htmlType == <span class=\"hljs-comment\">\"select\"</span>)\n&nbsp; &nbsp; &nbsp; &nbsp; &nbsp; &lt;a-col :md=<span class=\"hljs-comment\">\"5\"</span> :sm=<span class=\"hljs-comment\">\"15\"</span>&gt;\n&nbsp; &nbsp; &nbsp; &nbsp; &nbsp; &nbsp; &lt;a-form-item label=<span class=\"hljs-comment\">\"${comment}\"</span>&gt;\n&nbsp; &nbsp; &nbsp; &nbsp; &nbsp; &nbsp; &nbsp; &lt;a-select v-model=<span class=\"hljs-comment\">\"queryParam.${column.javaField}\"</span> allow-clear placeholder=<span class=\"hljs-comment\">\"请选择${comment}\"</span> default-value=<span class=\"hljs-comment\">\"0\"</span>&gt;\n&nbsp; &nbsp; &nbsp; &nbsp; &nbsp; &nbsp; &nbsp; &nbsp; &lt;a-select-option v-for=<span class=\"hljs-comment\">\"(item,index) in ${column.javaField}DictTypeDropDown\"</span> :key=<span class=\"hljs-comment\">\"index\"</span> :value=<span class=\"hljs-comment\">\"item.value\"</span> &gt;{{ item.name }}&lt;/a-select-option&gt;\n&nbsp; &nbsp; &nbsp; &nbsp; &nbsp; &nbsp; &nbsp; &lt;/a-select&gt;\n&nbsp; &nbsp; &nbsp; &nbsp; &nbsp; &nbsp; &lt;/a-form-item&gt;\n&nbsp; &nbsp; &nbsp; &nbsp; &nbsp; &lt;/a-col&gt;\n<span class=\"hljs-symbol\">#else</span>\n<span class=\"hljs-symbol\">#end</span>\n<span class=\"hljs-symbol\">#end</span>\n<span class=\"hljs-symbol\">#end</span>	\n&nbsp; &nbsp; &nbsp; &nbsp; &nbsp; &lt;a-col :md=<span class=\"hljs-comment\">\"3\"</span> :sm=<span class=\"hljs-comment\">\"13\"</span>&gt;\n&nbsp; &nbsp; &nbsp; &nbsp; &nbsp; &nbsp; &lt;span class=<span class=\"hljs-comment\">\"table-page-search-submitButtons\"</span>&gt;\n&nbsp; &nbsp; &nbsp; &nbsp; &nbsp; &nbsp; &nbsp; &lt;a-button type=<span class=\"hljs-comment\">\"primary\"</span> @click=<span class=\"hljs-comment\">\"$refs.table.refresh(true)\"</span>&gt;查询&lt;/a-button&gt;\n&nbsp; &nbsp; &nbsp; &nbsp; &nbsp; &nbsp; &nbsp; &lt;a-button style=<span class=\"hljs-comment\">\"margin-left: 8px\"</span> @click=<span class=\"hljs-comment\">\"() =&gt; queryParam = {}\"</span>&gt;重置&lt;/a-button&gt;\n&nbsp; &nbsp; &nbsp; &nbsp; &nbsp; &nbsp; &nbsp; &lt;a @click=<span class=\"hljs-comment\">\"toggleAdvanced\"</span> style=<span class=\"hljs-comment\">\"margin-left: 8px\"</span>&gt;\n&nbsp; &nbsp; &nbsp; &nbsp; &nbsp; &nbsp; &nbsp; &nbsp; {{ advanced ? <span class=\"hljs-string\">\'收起\'</span> : <span class=\"hljs-string\">\'展开\'</span> }}\n&nbsp; &nbsp; &nbsp; &nbsp; &nbsp; &nbsp; &nbsp; &nbsp; &lt;a-icon :type=<span class=\"hljs-comment\">\"advanced ? \'up\' : \'down\'\"</span>/&gt;\n&nbsp; &nbsp; &nbsp; &nbsp; &nbsp; &nbsp; &nbsp; &lt;/a&gt;\n&nbsp; &nbsp; &nbsp; &nbsp; &nbsp; &nbsp; &lt;/span&gt;\n&nbsp; &nbsp; &nbsp; &nbsp; &nbsp; &lt;/a-col&gt;\n&nbsp; &nbsp; &nbsp; &nbsp; &lt;/a-row&gt;\n&nbsp; &nbsp; &nbsp; &lt;/a-form&gt;\n&nbsp; &nbsp; &lt;/div&gt;\n&nbsp; &nbsp; &lt;s-table\n&nbsp; &nbsp; &nbsp; size=<span class=\"hljs-comment\">\"default\"</span>\n&nbsp; &nbsp; &nbsp; ref=<span class=\"hljs-comment\">\"table\"</span>\n&nbsp; &nbsp; &nbsp; rowKey=<span class=\"hljs-comment\">\"${pkColumn.javaField}\"</span>\n&nbsp; &nbsp; &nbsp; :rowSelection=<span class=\"hljs-comment\">\"{selectedRowKeys: selectedRowKeys, onChange: onSelectChange}\"</span>\n&nbsp; &nbsp; &nbsp; :columns=<span class=\"hljs-comment\">\"columns\"</span>\n&nbsp; &nbsp; &nbsp; :data=<span class=\"hljs-comment\">\"loadData\"</span>\n&nbsp; &nbsp; &gt;\n&nbsp; &nbsp; &nbsp; &lt;template slot=<span class=\"hljs-comment\">\"operator\"</span>&gt;\n&nbsp; &nbsp; &nbsp; &nbsp; &lt;a-button type=<span class=\"hljs-comment\">\"primary\"</span> v-hasPerm=<span class=\"hljs-comment\">\"\'${moduleName}:${className}:add\'\"</span> icon=<span class=\"hljs-comment\">\"plus\"</span> @click=<span class=\"hljs-comment\">\"handleAdd\"</span>&gt;新增&lt;/a-button&gt;\n&nbsp; &nbsp; &nbsp; &nbsp; &lt;a-dropdown style=<span class=\"hljs-comment\">\"margin-left: 8px\"</span> v-if=<span class=\"hljs-comment\">\"selectedRowKeys.length &gt; 0\"</span> v-hasPerm=<span class=\"hljs-comment\">\"\'${moduleName}:${className}:delete\'\"</span>&gt;\n##&nbsp; &nbsp; &nbsp; &nbsp; &nbsp; &lt;a-button type=<span class=\"hljs-comment\">\"danger\"</span> icon=<span class=\"hljs-comment\">\"delete\"</span> @click=<span class=\"hljs-comment\">\"delByIds(selectedRowKeys)\"</span>&gt;删除&lt;/a-button&gt;\n&nbsp; &nbsp; &nbsp; &nbsp; &nbsp; &nbsp; &lt;a-popconfirm placement=<span class=\"hljs-comment\">\"topRight\"</span> title=<span class=\"hljs-comment\">\"确认删除？\"</span> @confirm=<span class=\"hljs-comment\">\"() =&gt; delByIds(selectedRowKeys)\"</span>&gt;\n&nbsp; &nbsp; &nbsp; &nbsp; &nbsp; &nbsp; &nbsp; &nbsp; &lt;a-button type=<span class=\"hljs-comment\">\"primary\"</span> icon=<span class=\"hljs-comment\">\"close\"</span>&gt;删除&lt;/a-button&gt;\n&nbsp; &nbsp; &nbsp; &nbsp; &nbsp; &nbsp; &lt;/a-popconfirm&gt;\n&nbsp; &nbsp; &nbsp; &nbsp; &lt;/a-dropdown&gt;\n&nbsp; &nbsp; &nbsp; &lt;/template&gt;\n<span class=\"hljs-symbol\">#foreach</span>(<span class=\"hljs-string\">$c</span>olumn in <span class=\"hljs-string\">$c</span>olumns)\n<span class=\"hljs-symbol\">#if</span>(<span class=\"hljs-string\">$c</span>olumn.dictType != <span class=\"hljs-comment\">\"\"</span>)\n&nbsp; &nbsp; &nbsp; &lt;span slot=<span class=\"hljs-comment\">\"${column.javaField}\"</span> slot-scope=<span class=\"hljs-comment\">\"text\"</span>&gt;\n&nbsp; &nbsp; &nbsp; &nbsp; {{ <span class=\"hljs-string\">${</span>column.javaField}<span class=\"hljs-type\">Filter</span>(text) }}\n&nbsp; &nbsp; &nbsp; &lt;/span&gt;\n<span class=\"hljs-symbol\">#end</span>\n<span class=\"hljs-symbol\">#end</span>\n&nbsp; &nbsp; &nbsp; &lt;span slot=<span class=\"hljs-comment\">\"action\"</span> slot-scope=<span class=\"hljs-comment\">\"text, record\"</span>&gt;\n&nbsp; &nbsp; &nbsp; &nbsp; &lt;a v-hasPerm=<span class=\"hljs-comment\">\"\'${moduleName}:${className}:edit\'\"</span> @click=<span class=\"hljs-comment\">\"handleEdit(record)\"</span>&gt;编辑&lt;/a&gt;\n&nbsp; &nbsp; &nbsp; &nbsp; &lt;a-divider type=<span class=\"hljs-comment\">\"vertical\"</span> /&gt;\n&nbsp; &nbsp; &nbsp; &nbsp; &lt;a-popconfirm v-hasPerm=<span class=\"hljs-comment\">\"\'${moduleName}:${className}:delete\'\"</span> placement=<span class=\"hljs-comment\">\"topRight\"</span> title=<span class=\"hljs-comment\">\"确认删除？\"</span> @confirm=<span class=\"hljs-comment\">\"() =&gt; delByIds([record.${pkColumn.javaField}])\"</span>&gt;\n&nbsp; &nbsp; &nbsp; &nbsp; &nbsp; &lt;a&gt;删除&lt;/a&gt;\n&nbsp; &nbsp; &nbsp; &nbsp; &lt;/a-popconfirm&gt;\n&nbsp; &nbsp; &nbsp; &lt;/span&gt;\n&nbsp; &nbsp; &lt;/s-table&gt;\n&nbsp; &nbsp; &lt;<span class=\"hljs-string\">${</span>className}-modal ref=<span class=\"hljs-comment\">\"modal\"</span> @ok=<span class=\"hljs-comment\">\"handleOk\"</span>/&gt;\n&nbsp; &lt;/a-card&gt;\n&lt;/template&gt;\n\n\n&lt;script&gt;\nimport { <span class=\"hljs-type\">STable</span> } from <span class=\"hljs-string\">\'@/components\'</span>\nimport { get<span class=\"hljs-string\">${</span><span class=\"hljs-type\">ClassName</span>}<span class=\"hljs-type\">PageList</span>, del<span class=\"hljs-string\">${</span><span class=\"hljs-type\">ClassName</span>} } from <span class=\"hljs-string\">\'@/api/${moduleName}/${businessName}/${className}\'</span>\nimport <span class=\"hljs-string\">${</span><span class=\"hljs-type\">ClassName</span>}<span class=\"hljs-type\">Modal</span> from <span class=\"hljs-string\">\'./modules/${ClassName}Modal.vue\'</span>\n<span class=\"hljs-symbol\">#foreach</span>(<span class=\"hljs-string\">$c</span>olumn in <span class=\"hljs-string\">$c</span>olumns)\n<span class=\"hljs-symbol\">#if</span>(<span class=\"hljs-string\">$c</span>olumn.htmlType == <span class=\"hljs-comment\">\"select\"</span> || <span class=\"hljs-string\">$c</span>olumn.dictType != <span class=\"hljs-comment\">\"\"</span>)\nimport { sysDictTypeDropDown } from <span class=\"hljs-string\">\'@/api/system/dict/sysDictType\'</span>\n<span class=\"hljs-symbol\">#break</span>\n<span class=\"hljs-symbol\">#end</span>\n<span class=\"hljs-symbol\">#end</span>\n\n\nexport default {\n&nbsp; name: <span class=\"hljs-string\">\'TableList\'</span>,\n&nbsp; components: {\n&nbsp; &nbsp; <span class=\"hljs-type\">STable</span>,\n&nbsp; &nbsp; <span class=\"hljs-string\">${</span><span class=\"hljs-type\">ClassName</span>}<span class=\"hljs-type\">Modal</span>\n&nbsp; },\n&nbsp; data () {\n&nbsp; &nbsp; return {\n&nbsp; &nbsp; &nbsp; labelCol: {\n&nbsp; &nbsp; &nbsp; &nbsp; xs: { span: <span class=\"hljs-number\">24</span> },\n&nbsp; &nbsp; &nbsp; &nbsp; sm: { span: <span class=\"hljs-number\">5</span> }\n&nbsp; &nbsp; &nbsp; },\n&nbsp; &nbsp; &nbsp; wrapperCol: {\n&nbsp; &nbsp; &nbsp; &nbsp; xs: { span: <span class=\"hljs-number\">24</span> },\n&nbsp; &nbsp; &nbsp; &nbsp; sm: { span: <span class=\"hljs-number\">16</span> }\n&nbsp; &nbsp; &nbsp; },\n&nbsp; &nbsp; &nbsp; form: this.<span class=\"hljs-string\">$f</span>orm.createForm(this),\n&nbsp; &nbsp; &nbsp; mdl: {},\n&nbsp; &nbsp; &nbsp; // 高级搜索 展开/关闭\n&nbsp; &nbsp; &nbsp; advanced: <span class=\"hljs-keyword\">false</span>,\n&nbsp; &nbsp; &nbsp; // 查询参数\n&nbsp; &nbsp; &nbsp; queryParam: {},\n&nbsp; &nbsp; &nbsp; // 表头\n&nbsp; &nbsp; &nbsp; columns: [\n<span class=\"hljs-symbol\">#foreach</span>(<span class=\"hljs-string\">$c</span>olumn in <span class=\"hljs-string\">$c</span>olumns)\n<span class=\"hljs-symbol\">#set</span>(<span class=\"hljs-string\">$d</span>ictType=<span class=\"hljs-string\">$c</span>olumn.dictType)\n<span class=\"hljs-symbol\">#set</span>(<span class=\"hljs-string\">$j</span>avaField=<span class=\"hljs-string\">$c</span>olumn.javaField)\n<span class=\"hljs-symbol\">#set</span>(<span class=\"hljs-string\">$p</span>arentheseIndex=<span class=\"hljs-string\">$c</span>olumn.columnComment.indexOf(<span class=\"hljs-comment\">\"（\"</span>))\n<span class=\"hljs-symbol\">#if</span>(<span class=\"hljs-string\">$p</span>arentheseIndex != <span class=\"hljs-number\">-1</span>)\n<span class=\"hljs-symbol\">#set</span>(<span class=\"hljs-string\">$c</span>omment=<span class=\"hljs-string\">$c</span>olumn.columnComment.substring(<span class=\"hljs-number\">0</span>, <span class=\"hljs-string\">$p</span>arentheseIndex))\n<span class=\"hljs-symbol\">#else</span>\n<span class=\"hljs-symbol\">#set</span>(<span class=\"hljs-string\">$c</span>omment=<span class=\"hljs-string\">$c</span>olumn.columnComment)\n<span class=\"hljs-symbol\">#end</span>\n<span class=\"hljs-symbol\">#if</span>(<span class=\"hljs-string\">$c</span>olumn.isList == <span class=\"hljs-comment\">\"1\"</span>)\n<span class=\"hljs-symbol\">#if</span>(<span class=\"hljs-string\">$c</span>olumn.htmlType == <span class=\"hljs-comment\">\"datetime\"</span>)\n&nbsp; &nbsp; &nbsp; &nbsp; {\n&nbsp; &nbsp; &nbsp; &nbsp; &nbsp; title: <span class=\"hljs-string\">\'${comment}\'</span>,\n&nbsp; &nbsp; &nbsp; &nbsp; &nbsp; dataIndex: <span class=\"hljs-string\">\'${javaField}\'</span>,\n&nbsp; &nbsp; &nbsp; &nbsp; &nbsp; sorter: <span class=\"hljs-keyword\">true</span>,\n&nbsp; &nbsp; &nbsp; &nbsp; &nbsp; align: <span class=\"hljs-string\">\'center\'</span>\n&nbsp; &nbsp; &nbsp; &nbsp; },\n<span class=\"hljs-symbol\">#else</span>\n&nbsp; &nbsp; &nbsp; &nbsp; {\n&nbsp; &nbsp; &nbsp; &nbsp; &nbsp; title: <span class=\"hljs-string\">\'${comment}\'</span>,\n&nbsp; &nbsp; &nbsp; &nbsp; &nbsp; dataIndex: <span class=\"hljs-string\">\'${javaField}\'</span>,\n&nbsp; &nbsp; &nbsp; &nbsp; &nbsp; scopedSlots: { customRender: <span class=\"hljs-string\">\'${javaField}\'</span> },\n&nbsp; &nbsp; &nbsp; &nbsp; &nbsp; align: <span class=\"hljs-string\">\'center\'</span>\n&nbsp; &nbsp; &nbsp; &nbsp; },\n<span class=\"hljs-symbol\">#end</span>\n<span class=\"hljs-symbol\">#end</span>\n<span class=\"hljs-symbol\">#end</span>\n&nbsp; &nbsp; &nbsp; &nbsp; {\n&nbsp; &nbsp; &nbsp; &nbsp; &nbsp; title: <span class=\"hljs-string\">\'操作\'</span>,\n&nbsp; &nbsp; &nbsp; &nbsp; &nbsp; width: <span class=\"hljs-string\">\'200px\'</span>,\n&nbsp; &nbsp; &nbsp; &nbsp; &nbsp; dataIndex: <span class=\"hljs-string\">\'action\'</span>,\n&nbsp; &nbsp; &nbsp; &nbsp; &nbsp; scopedSlots: { customRender: <span class=\"hljs-string\">\'action\'</span> },\n&nbsp; &nbsp; &nbsp; &nbsp; &nbsp; align: <span class=\"hljs-string\">\'center\'</span>\n&nbsp; &nbsp; &nbsp; &nbsp; }\n&nbsp; &nbsp; &nbsp; ],\n&nbsp; &nbsp; &nbsp; // 加载数据方法 必须为 <span class=\"hljs-type\">Promise</span> 对象\n&nbsp; &nbsp; &nbsp; loadData: parameter =&gt; {\n&nbsp; &nbsp; &nbsp; &nbsp; return get<span class=\"hljs-string\">${</span><span class=\"hljs-type\">ClassName</span>}<span class=\"hljs-type\">PageList</span>(<span class=\"hljs-type\">Object</span>.assign(parameter, this.queryParam)).then((res) =&gt; {\n&nbsp; &nbsp; &nbsp; &nbsp; &nbsp; return res.data\n&nbsp; &nbsp; &nbsp; &nbsp; })\n&nbsp; &nbsp; &nbsp; },\n<span class=\"hljs-symbol\">#foreach</span>(<span class=\"hljs-string\">$c</span>olumn in <span class=\"hljs-string\">$c</span>olumns)\n<span class=\"hljs-symbol\">#if</span>(<span class=\"hljs-string\">$c</span>olumn.htmlType == <span class=\"hljs-comment\">\"select\"</span> || <span class=\"hljs-string\">$c</span>olumn.dictType != <span class=\"hljs-comment\">\"\"</span>)\n&nbsp; &nbsp; <span class=\"hljs-string\">${</span>column.javaField}<span class=\"hljs-type\">DictTypeDropDown</span>: [],\n<span class=\"hljs-symbol\">#end</span>\n<span class=\"hljs-symbol\">#end</span>\n&nbsp; &nbsp; &nbsp; selectedRowKeys: [],\n&nbsp; &nbsp; &nbsp; selectedRows: []\n&nbsp; &nbsp; }\n&nbsp; },\n&nbsp; filters: {\n&nbsp; },\n&nbsp; created () {\n&nbsp; &nbsp; this.sysDictTypeDropDown()\n&nbsp; },\n&nbsp; methods: {\n&nbsp; &nbsp; onSelectChange (selectedRowKeys, selectedRows) {\n&nbsp; &nbsp; &nbsp; this.selectedRowKeys = selectedRowKeys\n&nbsp; &nbsp; &nbsp; this.selectedRows = selectedRows\n&nbsp; &nbsp; },\n&nbsp; &nbsp; handleAdd () {\n&nbsp; &nbsp; &nbsp; this.<span class=\"hljs-string\">$r</span>efs.modal.add()\n&nbsp; &nbsp; },\n&nbsp; &nbsp; handleEdit (record) {\n&nbsp; &nbsp; &nbsp; this.<span class=\"hljs-string\">$r</span>efs.modal.edit(record)\n&nbsp; &nbsp; },\n&nbsp; &nbsp; handleOk () {\n&nbsp; &nbsp; &nbsp; this.<span class=\"hljs-string\">$r</span>efs.table.refresh(<span class=\"hljs-keyword\">true</span>)\n&nbsp; &nbsp; &nbsp; console.log(<span class=\"hljs-string\">\'handleSaveOk\'</span>)\n&nbsp; &nbsp; },\n<span class=\"hljs-symbol\">#foreach</span>(<span class=\"hljs-string\">$c</span>olumn in <span class=\"hljs-string\">$c</span>olumns)\n<span class=\"hljs-symbol\">#if</span>(<span class=\"hljs-string\">$c</span>olumn.dictType != <span class=\"hljs-comment\">\"\"</span>)\n&nbsp; &nbsp; <span class=\"hljs-string\">${</span>column.javaField}<span class=\"hljs-type\">Filter</span> (<span class=\"hljs-string\">${</span>column.javaField}) {\n&nbsp; &nbsp; &nbsp; // eslint-disable-next-line eqeqeq\n&nbsp; &nbsp; &nbsp; const values = this.<span class=\"hljs-string\">${</span>column.javaField}<span class=\"hljs-type\">DictTypeDropDown</span>.filter(item =&gt; item.value == <span class=\"hljs-string\">${</span>column.javaField})\n&nbsp; &nbsp; &nbsp; if (values.length &gt; <span class=\"hljs-number\">0</span>) {\n&nbsp; &nbsp; &nbsp; &nbsp; return values[<span class=\"hljs-number\">0</span>].name\n&nbsp; &nbsp; &nbsp; }\n&nbsp; &nbsp; },\n<span class=\"hljs-symbol\">#end</span>\n<span class=\"hljs-symbol\">#end</span>\n&nbsp; &nbsp; sysDictTypeDropDown () {\n<span class=\"hljs-symbol\">#foreach</span>(<span class=\"hljs-string\">$c</span>olumn in <span class=\"hljs-string\">$c</span>olumns)\n<span class=\"hljs-symbol\">#if</span>(<span class=\"hljs-string\">$c</span>olumn.htmlType == <span class=\"hljs-comment\">\"select\"</span> || <span class=\"hljs-string\">$c</span>olumn.dictType != <span class=\"hljs-comment\">\"\"</span>)\n&nbsp; &nbsp; &nbsp; sysDictTypeDropDown({ code: <span class=\"hljs-string\">\'${column.columnName}\'</span> }).then((res) =&gt; {\n&nbsp; &nbsp; &nbsp; &nbsp; this.<span class=\"hljs-string\">${</span>column.javaField}<span class=\"hljs-type\">DictTypeDropDown</span> = res.data\n&nbsp; &nbsp; &nbsp; })\n<span class=\"hljs-symbol\">#end</span>\n<span class=\"hljs-symbol\">#end</span>\n&nbsp; &nbsp; },\n<span class=\"hljs-symbol\">#set</span>(<span class=\"hljs-string\">$f</span>oo=<span class=\"hljs-comment\">\"$\"</span>)\n&nbsp; &nbsp; delByIds (ids) {\n&nbsp; &nbsp; &nbsp; del<span class=\"hljs-string\">${</span><span class=\"hljs-type\">ClassName</span>}({ ids: ids.join(<span class=\"hljs-string\">\',\'</span>) }).then(res =&gt; {\n&nbsp; &nbsp; &nbsp; &nbsp; if (res.code === <span class=\"hljs-number\">200</span>) {\n&nbsp; &nbsp; &nbsp; &nbsp; &nbsp; this.<span class=\"hljs-string\">${</span>foo}message.success(<span class=\"hljs-string\">\'删除成功\'</span>)\n&nbsp; &nbsp; &nbsp; &nbsp; &nbsp; this.handleOk()\n&nbsp; &nbsp; &nbsp; &nbsp; } else {\n&nbsp; &nbsp; &nbsp; &nbsp; &nbsp; this.<span class=\"hljs-string\">${</span>foo}message.error(res.message)\n&nbsp; &nbsp; &nbsp; &nbsp; }\n&nbsp; &nbsp; &nbsp; &nbsp; this.selectedRowKeys = []\n&nbsp; &nbsp; &nbsp; })\n&nbsp; &nbsp; },\n&nbsp; &nbsp; toggleAdvanced () {\n&nbsp; &nbsp; &nbsp; this.advanced = !this.advanced\n&nbsp; &nbsp; }\n&nbsp; },\n&nbsp; watch: {\n&nbsp; &nbsp; /*\n&nbsp; &nbsp; &nbsp; <span class=\"hljs-string\">\'selectedRows\'</span>: function (selectedRows) {\n&nbsp; &nbsp; &nbsp; &nbsp; this.needTotalList = this.needTotalList.map(item =&gt; {\n&nbsp; &nbsp; &nbsp; &nbsp; &nbsp; return {\n&nbsp; &nbsp; &nbsp; &nbsp; &nbsp; &nbsp; ...item,\n&nbsp; &nbsp; &nbsp; &nbsp; &nbsp; &nbsp; total: selectedRows.reduce( (sum, val) =&gt; {\n&nbsp; &nbsp; &nbsp; &nbsp; &nbsp; &nbsp; &nbsp; return sum + val[item.dataIndex]\n&nbsp; &nbsp; &nbsp; &nbsp; &nbsp; &nbsp; }, <span class=\"hljs-number\">0</span>)\n&nbsp; &nbsp; &nbsp; &nbsp; &nbsp; }\n&nbsp; &nbsp; &nbsp; &nbsp; })\n&nbsp; &nbsp; &nbsp; }\n&nbsp; &nbsp; &nbsp; */\n&nbsp; }\n}\n&lt;/script&gt;\n\n\n</pre>',
        'vue', 0, 1, NOW());
INSERT INTO `gen_template_config`
VALUES (18, 4, 'Modal',
        '<pre class=\"ql-syntax\" spellcheck=\"false\">&lt;template&gt;\n&nbsp; &lt;a-modal\n&nbsp; &nbsp; title=\"操作\"\n&nbsp; &nbsp; style=\"top: 20px;\"\n    width=\"40%\"\n&nbsp; &nbsp; v-model=\"visible\"\n&nbsp; &nbsp; :confirmLoading=\"confirmLoading\"\n&nbsp; &nbsp; @ok=\"handleSubmit\"\n&nbsp; &gt;\n&nbsp; &nbsp; &lt;a-form :form=\"form\"&gt;\n&nbsp; &nbsp; &nbsp; &lt;a-form-item style=\"display:none\"&gt;\n&nbsp; &nbsp; &nbsp; &nbsp; &lt;a-input v-decorator=\"[\'${pkColumn.javaField}\']\"/&gt;\n&nbsp; &nbsp; &nbsp; &lt;/a-form-item&gt;\n<span class=\"hljs-function\"><span class=\"hljs-keyword\">#</span><span class=\"hljs-title\">foreach</span><span class=\"hljs-params\">($<span class=\"hljs-variable\">column</span> <span class=\"hljs-variable\">in</span> $<span class=\"hljs-variable\">columns</span>)</span></span>\n<span class=\"hljs-function\"><span class=\"hljs-keyword\">#</span><span class=\"hljs-title\">if</span><span class=\"hljs-params\">(!$<span class=\"hljs-variable\">column</span>.<span class=\"hljs-variable\">pk</span>)</span></span>\n<span class=\"hljs-function\"><span class=\"hljs-keyword\">#</span><span class=\"hljs-title\">set</span><span class=\"hljs-params\">($<span class=\"hljs-variable\">parentheseIndex</span>=$<span class=\"hljs-variable\">column</span>.<span class=\"hljs-variable\">columnComment</span>.<span class=\"hljs-variable\">indexOf</span>(<span class=\"hljs-string\">\"（\"</span>)</span></span>)\n<span class=\"hljs-function\"><span class=\"hljs-keyword\">#</span><span class=\"hljs-title\">if</span><span class=\"hljs-params\">($<span class=\"hljs-variable\">parentheseIndex</span> != -1)</span></span>\n<span class=\"hljs-function\"><span class=\"hljs-keyword\">#</span><span class=\"hljs-title\">set</span><span class=\"hljs-params\">($<span class=\"hljs-variable\">comment</span>=$<span class=\"hljs-variable\">column</span>.<span class=\"hljs-variable\">columnComment</span>.<span class=\"hljs-variable\">substring</span>(0, $<span class=\"hljs-variable\">parentheseIndex</span>)</span></span>)\n#else\n<span class=\"hljs-function\"><span class=\"hljs-keyword\">#</span><span class=\"hljs-title\">set</span><span class=\"hljs-params\">($<span class=\"hljs-variable\">comment</span>=$<span class=\"hljs-variable\">column</span>.<span class=\"hljs-variable\">columnComment</span>)</span></span>\n#end\n<span class=\"hljs-function\"><span class=\"hljs-keyword\">#</span><span class=\"hljs-title\">set</span><span class=\"hljs-params\">($<span class=\"hljs-variable\">field</span>=$<span class=\"hljs-variable\">column</span>.<span class=\"hljs-variable\">javaField</span>)</span></span>\n<span class=\"hljs-function\"><span class=\"hljs-keyword\">#</span><span class=\"hljs-title\">set</span><span class=\"hljs-params\">($<span class=\"hljs-variable\">dictType</span>=$<span class=\"hljs-variable\">column</span>.<span class=\"hljs-variable\">dictType</span>)</span></span>\n<span class=\"hljs-function\"><span class=\"hljs-keyword\">#</span><span class=\"hljs-title\">if</span><span class=\"hljs-params\">($<span class=\"hljs-variable\">column</span>.<span class=\"hljs-variable\">isEdit</span> == <span class=\"hljs-string\">\"1\"</span>)</span></span>\n<span class=\"hljs-function\"><span class=\"hljs-keyword\">#</span><span class=\"hljs-title\">if</span><span class=\"hljs-params\">($<span class=\"hljs-variable\">column</span>.<span class=\"hljs-variable\">htmlType</span> == <span class=\"hljs-string\">\"input\"</span>)</span></span>\n&nbsp; &nbsp; &nbsp; &lt;a-form-item :labelCol=\"labelCol\" :wrapperCol=\"wrapperCol\" label=\"${comment}\" has-feedback&gt;\n&nbsp; &nbsp; &nbsp; &nbsp; &lt;a-input placeholder=\"${comment}\" v-decorator=\"[\'${field}\'<span class=\"hljs-function\"><span class=\"hljs-keyword\">#</span><span class=\"hljs-title\">if</span><span class=\"hljs-params\">($<span class=\"hljs-variable\">column</span>.<span class=\"hljs-variable\">isRequired</span> == <span class=\"hljs-string\">\"1\"</span>)</span></span>, {rules: [{required: true, message: \'请输入${comment}\'}]}#end]\"/&gt;\n&nbsp; &nbsp; &nbsp; &lt;/a-form-item&gt;\n<span class=\"hljs-function\"><span class=\"hljs-keyword\">#</span><span class=\"hljs-title\">elseif</span><span class=\"hljs-params\">($<span class=\"hljs-variable\">column</span>.<span class=\"hljs-variable\">htmlType</span> == <span class=\"hljs-string\">\"select\"</span>)</span></span>\n&nbsp; &nbsp; &nbsp; &lt;a-form-item :labelCol=\"labelCol\" :wrapperCol=\"wrapperCol\" label=\"${comment}\"&gt;\n&nbsp; &nbsp; &nbsp; &nbsp; &lt;a-select allow-clear placeholder=\"请选择${comment}\" v-decorator=\"[\'${field}\',{rules: [{ required: true, message: \'请选择${comment}！\' }]}]\"&gt;\n&nbsp; &nbsp; &nbsp; &nbsp; &nbsp; &lt;a-select-option v-for=\"(item,index) in ${column.javaField}DictTypeDropDown\" :key=\"index\" :value=\"item.value\" &gt;{{ item.name }}&lt;/a-select-option&gt;\n&nbsp; &nbsp; &nbsp; &nbsp; &lt;/a-select&gt;\n&nbsp; &nbsp; &nbsp; &lt;/a-form-item&gt;\n#else\n#end\n#end\n#end\n#end\n&nbsp; &nbsp; &lt;/a-form&gt;\n&nbsp; &lt;/a-modal&gt;\n&lt;/template&gt;\n&lt;script&gt;\nimport { save${ClassName} } from \'@/api/${moduleName}/${businessName}/${className}\'\nimport pick from \'lodash.pick\'\n<span class=\"hljs-function\"><span class=\"hljs-keyword\">#</span><span class=\"hljs-title\">foreach</span><span class=\"hljs-params\">($<span class=\"hljs-variable\">column</span> <span class=\"hljs-variable\">in</span> $<span class=\"hljs-variable\">columns</span>)</span></span>\n<span class=\"hljs-function\"><span class=\"hljs-keyword\">#</span><span class=\"hljs-title\">if</span><span class=\"hljs-params\">($<span class=\"hljs-variable\">column</span>.<span class=\"hljs-variable\">htmlType</span> == <span class=\"hljs-string\">\"select\"</span> || $<span class=\"hljs-variable\">column</span>.<span class=\"hljs-variable\">dictType</span> != <span class=\"hljs-string\">\"\"</span>)</span></span>\nimport { sysDictTypeDropDown } from \'@/api/system/dict/sysDictType\'\n#break\n#end\n#end\n\n\nexport default {\n&nbsp; name: \'${ClassName}Modal\',\n&nbsp; props: {\n&nbsp; },\n&nbsp; components: {\n&nbsp; },\n&nbsp; data () {\n&nbsp; &nbsp; return {\n&nbsp; &nbsp; &nbsp; visible: false,\n&nbsp; &nbsp; &nbsp; labelCol: {\n&nbsp; &nbsp; &nbsp; &nbsp; xs: { span: 24 },\n&nbsp; &nbsp; &nbsp; &nbsp; sm: { span: 5 }\n&nbsp; &nbsp; &nbsp; },\n&nbsp; &nbsp; &nbsp; wrapperCol: {\n&nbsp; &nbsp; &nbsp; &nbsp; xs: { span: 24 },\n&nbsp; &nbsp; &nbsp; &nbsp; sm: { span: 16 }\n&nbsp; &nbsp; &nbsp; },\n<span class=\"hljs-function\"><span class=\"hljs-keyword\">#</span><span class=\"hljs-title\">foreach</span><span class=\"hljs-params\">($<span class=\"hljs-variable\">column</span> <span class=\"hljs-variable\">in</span> $<span class=\"hljs-variable\">columns</span>)</span></span>\n<span class=\"hljs-function\"><span class=\"hljs-keyword\">#</span><span class=\"hljs-title\">if</span><span class=\"hljs-params\">($<span class=\"hljs-variable\">column</span>.<span class=\"hljs-variable\">htmlType</span> == <span class=\"hljs-string\">\"select\"</span> || $<span class=\"hljs-variable\">column</span>.<span class=\"hljs-variable\">dictType</span> != <span class=\"hljs-string\">\"\"</span>)</span></span>\n&nbsp; &nbsp; &nbsp; ${column.javaField}DictTypeDropDown: [],\n#end\n#end\n&nbsp; &nbsp; &nbsp; confirmLoading: false,\n&nbsp; &nbsp; &nbsp; mdl: {},\n&nbsp; &nbsp; &nbsp; form: this.$form.createForm(this)\n&nbsp; &nbsp; }\n&nbsp; },\n&nbsp; beforeCreate () {\n&nbsp; },\n&nbsp; created () {\n&nbsp; &nbsp; this.sysDictTypeDropDown()\n&nbsp; },\n&nbsp; methods: {\n&nbsp; &nbsp; add () {\n&nbsp; &nbsp; &nbsp; this.form.resetFields()\n&nbsp; &nbsp; &nbsp; this.edit({ ${pkColumn.javaField}: 0 })\n&nbsp; &nbsp; },\n&nbsp; &nbsp; edit (record) {\n&nbsp; &nbsp; &nbsp; this.mdl = Object.assign(record)\n&nbsp; &nbsp; &nbsp; this.visible = true\n&nbsp; &nbsp; &nbsp; this.$nextTick(() =&gt; {\n&nbsp; &nbsp; &nbsp; &nbsp; this.form.setFieldsValue(pick(this.mdl, <span class=\"hljs-function\"><span class=\"hljs-keyword\">#</span><span class=\"hljs-title\">foreach</span><span class=\"hljs-params\">($<span class=\"hljs-variable\">column</span> <span class=\"hljs-variable\">in</span> $<span class=\"hljs-variable\">columns</span>)</span><span class=\"hljs-keyword\">#</span><span class=\"hljs-title\">if</span><span class=\"hljs-params\">($<span class=\"hljs-variable\">foreach</span>.<span class=\"hljs-variable\">hasNext</span>)</span></span>\'${column.javaField}\', #else\'${column.javaField}\'#end#end))\n&nbsp; &nbsp; &nbsp; })\n&nbsp; &nbsp; },\n&nbsp; &nbsp; sysDictTypeDropDown () {\n<span class=\"hljs-function\"><span class=\"hljs-keyword\">#</span><span class=\"hljs-title\">foreach</span><span class=\"hljs-params\">($<span class=\"hljs-variable\">column</span> <span class=\"hljs-variable\">in</span> $<span class=\"hljs-variable\">columns</span>)</span></span>\n<span class=\"hljs-function\"><span class=\"hljs-keyword\">#</span><span class=\"hljs-title\">if</span><span class=\"hljs-params\">($<span class=\"hljs-variable\">column</span>.<span class=\"hljs-variable\">htmlType</span> == <span class=\"hljs-string\">\"select\"</span> || $<span class=\"hljs-variable\">column</span>.<span class=\"hljs-variable\">dictType</span> != <span class=\"hljs-string\">\"\"</span>)</span></span>\n&nbsp; &nbsp; &nbsp; &nbsp; sysDictTypeDropDown({ code: \'${column.javaField}\' }).then((res) =&gt; {\n&nbsp; &nbsp; &nbsp; &nbsp; &nbsp; &nbsp; this.${column.javaField}DictTypeDropDown = res.data\n&nbsp; &nbsp; &nbsp; &nbsp; })\n#end\n#end\n&nbsp; &nbsp; },\n<span class=\"hljs-function\"><span class=\"hljs-keyword\">#</span><span class=\"hljs-title\">set</span><span class=\"hljs-params\">($<span class=\"hljs-variable\">foo</span>=<span class=\"hljs-string\">\"$\"</span>)</span></span>\n&nbsp; &nbsp; handleSubmit (e) {\n&nbsp; &nbsp; &nbsp; e.preventDefault()\n&nbsp; &nbsp; &nbsp; this.form.validateFields((err, values) =&gt; {\n&nbsp; &nbsp; &nbsp; &nbsp; if (!err) {\n&nbsp; &nbsp; &nbsp; &nbsp; &nbsp; console.log(\'Received values of form: \', values)\n&nbsp; &nbsp; &nbsp; &nbsp; &nbsp; this.confirmLoading = true\n&nbsp; &nbsp; &nbsp; &nbsp; &nbsp; save${ClassName}(values).then(res =&gt; {\n&nbsp; &nbsp; &nbsp; &nbsp; &nbsp; &nbsp; if (res.code === 200) {\n&nbsp; &nbsp; &nbsp; &nbsp; &nbsp; &nbsp; &nbsp; this.${foo}message.success(\'保存成功\')\n&nbsp; &nbsp; &nbsp; &nbsp; &nbsp; &nbsp; &nbsp; this.$emit(\'ok\')\n&nbsp; &nbsp; &nbsp; &nbsp; &nbsp; &nbsp; &nbsp; this.visible = false\n&nbsp; &nbsp; &nbsp; &nbsp; &nbsp; &nbsp; } else {\n&nbsp; &nbsp; &nbsp; &nbsp; &nbsp; &nbsp; &nbsp; this.${foo}message.error(res.message)\n&nbsp; &nbsp; &nbsp; &nbsp; &nbsp; &nbsp; }\n&nbsp; &nbsp; &nbsp; &nbsp; &nbsp; }).catch(() =&gt; {\n&nbsp; &nbsp; &nbsp; &nbsp; &nbsp; &nbsp; this.$message.error(\'系统错误，请稍后再试\')\n&nbsp; &nbsp; &nbsp; &nbsp; &nbsp; }).finally(() =&gt; {\n&nbsp; &nbsp; &nbsp; &nbsp; &nbsp; &nbsp; this.confirmLoading = false\n&nbsp; &nbsp; &nbsp; &nbsp; &nbsp; })\n&nbsp; &nbsp; &nbsp; &nbsp; }\n&nbsp; &nbsp; &nbsp; })\n&nbsp; &nbsp; }\n&nbsp; },\n&nbsp; watch: {\n&nbsp; &nbsp; /*\n&nbsp; &nbsp; &nbsp; \'selectedRows\': function (selectedRows) {\n&nbsp; &nbsp; &nbsp; &nbsp; this.needTotalList = this.needTotalList.map(item =&gt; {\n&nbsp; &nbsp; &nbsp; &nbsp; &nbsp; return {\n&nbsp; &nbsp; &nbsp; &nbsp; &nbsp; &nbsp; ...item,\n&nbsp; &nbsp; &nbsp; &nbsp; &nbsp; &nbsp; total: selectedRows.reduce( (sum, val) =&gt; {\n&nbsp; &nbsp; &nbsp; &nbsp; &nbsp; &nbsp; &nbsp; return sum + val[item.dataIndex]\n&nbsp; &nbsp; &nbsp; &nbsp; &nbsp; &nbsp; }, 0)\n&nbsp; &nbsp; &nbsp; &nbsp; &nbsp; }\n&nbsp; &nbsp; &nbsp; &nbsp; })\n&nbsp; &nbsp; &nbsp; }\n&nbsp; &nbsp; &nbsp; */\n&nbsp; }\n}\n&lt;/script&gt;\n\n\n</pre>',
        'vue', 0, 1, NOW());


SET FOREIGN_KEY_CHECKS = 1;
