/*
 Navicat Premium Data Transfer

 Source Server Type    : MySQL
 Source Server Version : 50734
 Source Schema         : generator

 Target Server Type    : MySQL
 Target Server Version : 50734
 File Encoding         : 65001

 Date: 17/09/2022 21:57:38
*/

SET NAMES utf8mb4;
SET FOREIGN_KEY_CHECKS = 0;

-- ----------------------------
-- Table structure for dict_type
-- ----------------------------
DROP TABLE IF EXISTS `dict_type`;
CREATE TABLE `dict_type`
(
    `id`          int(6) UNSIGNED                                         NOT NULL AUTO_INCREMENT COMMENT '主键',
    `name`        varchar(100) CHARACTER SET utf8 COLLATE utf8_general_ci NOT NULL COMMENT '名称',
    `code`        varchar(50) CHARACTER SET utf8 COLLATE utf8_general_ci  NOT NULL COMMENT '编码',
    `sort`        int(6) UNSIGNED                                         NOT NULL COMMENT '排序',
    `remark`      varchar(255) CHARACTER SET utf8 COLLATE utf8_general_ci NULL     DEFAULT NULL COMMENT '备注',
    `status`      tinyint(1) UNSIGNED                                     NOT NULL DEFAULT 1 COMMENT '状态（0停用 1正常）',
    `create_date` datetime                                                NOT NULL ON UPDATE CURRENT_TIMESTAMP COMMENT '创建时间',
    `update_date` datetime                                                NULL     DEFAULT NULL ON UPDATE CURRENT_TIMESTAMP COMMENT '更新时间',
    PRIMARY KEY (`id`) USING BTREE,
    UNIQUE INDEX `code_index` (`code`) USING BTREE
) ENGINE = InnoDB
  AUTO_INCREMENT = 8
  CHARACTER SET = utf8mb4
  COLLATE = utf8mb4_general_ci COMMENT = '系统字典类型表';

-- ----------------------------
-- Records of dict_type
-- ----------------------------
BEGIN;
INSERT INTO `dict_type`
VALUES (1, '通用状态', 'common_status', 1, '', 1, NOW(), NULL),
       (2, '是否标识', 'status', 2, NULL, 1, NOW(), NULL),
       (3, '数据库类型', 'database_type', 3, NULL, 1, NOW(), NULL),
       (4, 'java数据类型', 'java_data_type', 4, NULL, 1, NOW(), NULL),
       (5, '网页标签', 'web_label', 5, NULL, 1, NOW(), NULL),
       (6, '查询条件', 'query_type', 6, NULL, 1, NOW(), NULL),
       (7, '键值对类型', 'field_mapping', 7, NULL, 1, NOW(), NULL);
COMMIT;

-- ----------------------------
-- Table structure for dict_data
-- ----------------------------
DROP TABLE IF EXISTS `dict_data`;
CREATE TABLE `dict_data`
(
    `id`          int(6) UNSIGNED                                         NOT NULL AUTO_INCREMENT COMMENT '主键',
    `type_id`     int(6)                                                  NOT NULL COMMENT '字典类型id',
    `name`        text CHARACTER SET utf8 COLLATE utf8_general_ci         NOT NULL COMMENT '字典名称',
    `value`       varchar(50) CHARACTER SET utf8 COLLATE utf8_general_ci  NOT NULL COMMENT '编码',
    `sort`        int(6) UNSIGNED                                         NOT NULL COMMENT '排序',
    `remark`      varchar(255) CHARACTER SET utf8 COLLATE utf8_general_ci NULL     DEFAULT NULL COMMENT '备注',
    `status`      tinyint(1) UNSIGNED                                     NOT NULL DEFAULT 1 COMMENT '状态（0正常 1停用）',
    `create_date` datetime                                                NOT NULL ON UPDATE CURRENT_TIMESTAMP COMMENT '创建时间',
    `update_date` datetime                                                NULL     DEFAULT NULL ON UPDATE CURRENT_TIMESTAMP COMMENT '更新时间',
    PRIMARY KEY (`id`) USING BTREE
) ENGINE = InnoDB
  AUTO_INCREMENT = 32
  CHARACTER SET = utf8mb4
  COLLATE = utf8mb4_general_ci COMMENT = '系统字典值表';

-- ----------------------------
-- Records of dict_data
-- ----------------------------
BEGIN;
INSERT INTO `dict_data`
VALUES (1, 1, '停用', '0', 1, NULL, 1, NOW(), NULL),
       (2, 1, '正常', '1', 2, NULL, 1, NOW(), NULL),
       (3, 2, '否', '0', 1, NULL, 1, NOW(), NULL),
       (4, 2, '是', '1', 2, NULL, 1, NOW(), NULL),
       (5, 3, 'MySQL', '0', 1, NULL, 1, NOW(), NULL),
       (6, 3, 'PostgreSQL', '1', 2, NULL, 1, NOW(), NULL),
       (7, 3, 'Oracle', '2', 3, NULL, 1, NOW(), NULL),
       (8, 3, 'SQLite', '3', 4, NULL, 1, NOW(), NULL),
       (9, 3, 'MariaDB', '4', 5, NULL, 1, NOW(), NULL),
       (10, 4, 'String', 'String', 1, NULL, 1, NOW(), NULL),
       (11, 4, 'Integer', 'Integer', 2, NULL, 1, NOW(), NULL),
       (12, 4, 'Float', 'Float', 3, NULL, 1, NOW(), NULL),
       (13, 4, 'Double', 'Double', 4, NULL, 1, NOW(), NULL),
       (14, 4, 'Long', 'Long', 5, NULL, 1, NOW(), NULL),
       (15, 4, 'Boolean', 'Boolean', 6, NULL, 1, NOW(), NULL),
       (16, 4, 'LocalDateTime', 'LocalDateTime', 7, NULL, 1, NOW(), NULL),
       (17, 4, 'BigDecimal', 'BigDecimal', 8, NULL, 1, NOW(), NULL),
       (18, 5, '输入框', 'input', 1, NULL, 1, NOW(), NULL),
       (19, 5, '文本域', 'text', 2, NULL, 1, NOW(), NULL),
       (20, 5, '下拉框', 'dropdown', 3, NULL, 1, NOW(), NULL),
       (21, 5, '复选框', 'checkbox', 4, NULL, 1, NOW(), NULL),
       (22, 5, '单选框', 'radio', 5, NULL, 1, NOW(), NULL),
       (23, 5, '日期控件', 'datetime', 6, NULL, 1, NOW(), NULL),
       (24, 6, '等于', 'eq', 1, NULL, 1, NOW(), NULL),
       (25, 6, '不等于', 'ne', 2, NULL, 1, NOW(), NULL),
       (26, 6, '大于', 'gt', 3, NULL, 1, NOW(), NULL),
       (27, 6, '小于', 'lt', 4, NULL, 1, NOW(), NULL),
       (28, 6, '范围', 'like', 5, NULL, 1, NOW(), NULL),
       (29, 7, 'String', '0', 1, NULL, 1, NOW(), NULL),
       (30, 7, 'Boolean', '1', 2, NULL, 1, NOW(), NULL),
       (31, 7, 'List', '2', 3, NULL, 1, NOW(), NULL);
COMMIT;

-- ----------------------------
-- Table structure for gen_system_config
-- ----------------------------
DROP TABLE IF EXISTS `gen_system_config`;
CREATE TABLE `gen_system_config`
(
    `id`          int(10) UNSIGNED                                      NOT NULL AUTO_INCREMENT COMMENT 'id',
    `private_key` text CHARACTER SET utf8mb4 COLLATE utf8mb4_general_ci NULL COMMENT '私钥',
    `public_key`  text CHARACTER SET utf8mb4 COLLATE utf8mb4_general_ci NULL COMMENT '公钥',
    `salt`        text CHARACTER SET utf8mb4 COLLATE utf8mb4_general_ci NULL COMMENT '盐',
    `state`       tinyint(1) UNSIGNED                                   NOT NULL DEFAULT 1 COMMENT '盐是否持久化(0:否 1:是)',
    `create_date` datetime                                              NOT NULL ON UPDATE CURRENT_TIMESTAMP COMMENT '创建时间',
    `update_date` datetime                                              NULL     DEFAULT NULL ON UPDATE CURRENT_TIMESTAMP COMMENT '修改时间',
    PRIMARY KEY (`id`) USING BTREE
) ENGINE = InnoDB
  AUTO_INCREMENT = 2
  CHARACTER SET = utf8mb4
  COLLATE = utf8mb4_general_ci COMMENT = '系统配置表';

-- ----------------------------
-- Records of gen_system_config
-- ----------------------------
BEGIN;
INSERT INTO `gen_system_config`
VALUES (1,
        'MIICdwIBADANBgkqhkiG9w0BAQEFAASCAmEwggJdAgEAAoGBAI/Ce+SRYmPbM5bzEvR+f5tAsmizhziUy4YG8FnelYNhAxz2FJagnB4Rk+cQjBAg7pjsMg87ofS9kfJA16/iZbRfepYIo0YsyfyEzcj3P3QW5M1ryGgHxAmbY8/+p3d283hxaNVlBJLyZgn9Dewjui2/Ims5AtNLZ2K9g5LJy7XrAgMBAAECgYEAjPRCCdBKymHo6X6X/UXy1ETRKTutv9qU22r+Sv+lVVXPeZwGf9ImgIz3mb1tt3qytxoP00PC/nbJHOBbGsc+s+0YgGT5K3CPQUBJ8eulFQpZS8YG6a5MCN4R1pbLHp0VEyx3TJd7rtTWWLxRmpd6UyoFjrJdddagg46uy30lR0ECQQDOjMf5F8Orw3qZJ/ADAco7gXnlXh00/id5lCLKWZeziDK58RiFQ0Sqo4NBLfFV3pt7q7/VnOZH6jTXHI1Lr+gRAkEAsi1b1+AICe1ABR3Li7bYIPRHBrIBHZm4f96GrVZi2aBy7aGpGkUmJuldCxUO3vP/kMXkKOOum92EqFC3+zeaOwJAO1BqTLnqUvT7y+eQIQzuilAQNTHlqUYjB+Lmar13tvKxvnvh0sMSgP4bvyf2WfZnKAiWOj2oU5aKPgvQ9584QQJBAK9FV1dgFghNzfA6gwQI9UpVgZjgeaB4mrmOWMUieVLDNsrzf7lL1F/qp5BDQsGnG/t57xsZ/aVtnxVDcfg5lgkCQBUJgZauo5SSeB8h3tpHE+j+4EIdvi1LcD3AB2BYfVgohB7DA3iOA2Z4el84pbiVsidI9uFMa0rbWFN6Duy76pQ=',
        'MIGfMA0GCSqGSIb3DQEBAQUAA4GNADCBiQKBgQCPwnvkkWJj2zOW8xL0fn+bQLJos4c4lMuGBvBZ3pWDYQMc9hSWoJweEZPnEIwQIO6Y7DIPO6H0vZHyQNev4mW0X3qWCKNGLMn8hM3I9z90FuTNa8hoB8QJm2PP/qd3dvN4cWjVZQSS8mYJ/Q3sI7otvyJrOQLTS2divYOSycu16wIDAQAB',
        'S3xrre5rM0SBHUDRGpX7Zj5PsG0ynJ2A6LfYS/NzVD5cJqz+NHmtsxSE4YAmYo8O332XksC+Qm6WcjtCzHKLA/Z1dpNXbqGR2Kvyh4V/QPhyjOV+nluwP7QQqEcddz59XGySjJYuMqZNYKoSa719j3vhH1cf4r1goNLWRfA2FK4=',
        1, NOW(), NULL);
COMMIT;

-- ----------------------------
-- Table structure for gen_database
-- ----------------------------
DROP TABLE IF EXISTS `gen_database`;
CREATE TABLE `gen_database`
(
    `id`                int(10) UNSIGNED                                              NOT NULL AUTO_INCREMENT COMMENT '主键',
    `address`           varchar(100) CHARACTER SET utf8mb4 COLLATE utf8mb4_general_ci NOT NULL COMMENT '数据库地址',
    `port`              varchar(6) CHARACTER SET utf8mb4 COLLATE utf8mb4_general_ci   NOT NULL COMMENT '数据库端口',
    `name`              varchar(255) CHARACTER SET utf8mb4 COLLATE utf8mb4_general_ci NOT NULL COMMENT '库名称',
    `type`              tinyint(1) UNSIGNED                                           NOT NULL DEFAULT 0 COMMENT '数据库类型',
    `driver_class_name` varchar(255) CHARACTER SET utf8mb4 COLLATE utf8mb4_general_ci NOT NULL COMMENT '数据库驱动',
    `user_name`         text CHARACTER SET utf8mb4 COLLATE utf8mb4_general_ci         NOT NULL COMMENT '用户名',
    `password`          text CHARACTER SET utf8mb4 COLLATE utf8mb4_general_ci         NOT NULL COMMENT '密码（私钥加密）',
    `create_date`       datetime                                                      NOT NULL ON UPDATE CURRENT_TIMESTAMP COMMENT '创建时间',
    `update_date`       datetime                                                      NULL     DEFAULT NULL ON UPDATE CURRENT_TIMESTAMP COMMENT '更新时间',
    PRIMARY KEY (`id`) USING BTREE
) ENGINE = InnoDB
  AUTO_INCREMENT = 1
  CHARACTER SET = utf8mb4
  COLLATE = utf8mb4_general_ci COMMENT = '数据库详情表';

-- ----------------------------
-- Table structure for gen_table
-- ----------------------------
DROP TABLE IF EXISTS `gen_table`;
CREATE TABLE `gen_table`
(
    `id`            int(10) UNSIGNED                                              NOT NULL AUTO_INCREMENT COMMENT '主键',
    `database_id`   int(10) UNSIGNED                                              NOT NULL COMMENT '数据库id',
    `table_name`    varchar(255) CHARACTER SET utf8mb4 COLLATE utf8mb4_general_ci NOT NULL COMMENT '表名称',
    `table_comment` varchar(255) CHARACTER SET utf8mb4 COLLATE utf8mb4_general_ci NULL DEFAULT NULL COMMENT '表描述',
    `object_name`   varchar(255) CHARACTER SET utf8mb4 COLLATE utf8mb4_general_ci NOT NULL COMMENT '对象名',
    `business_name` varchar(255) CHARACTER SET utf8mb4 COLLATE utf8mb4_general_ci NOT NULL COMMENT '业务名',
    `function_name` varchar(255) CHARACTER SET utf8mb4 COLLATE utf8mb4_general_ci NULL DEFAULT NULL COMMENT '功能名',
    `config_id`     int(10) UNSIGNED                                              NOT NULL COMMENT '配置表id',
    `create_date`   datetime                                                      NULL DEFAULT NULL ON UPDATE CURRENT_TIMESTAMP COMMENT '创建时间',
    `update_date`   datetime                                                      NULL DEFAULT NULL ON UPDATE CURRENT_TIMESTAMP COMMENT '更新时间',
    PRIMARY KEY (`id`) USING BTREE
) ENGINE = InnoDB
  AUTO_INCREMENT = 1
  CHARACTER SET = utf8mb4
  COLLATE = utf8mb4_general_ci COMMENT = '表详情表';

-- ----------------------------
-- Table structure for gen_table_column
-- ----------------------------
DROP TABLE IF EXISTS `gen_table_column`;
CREATE TABLE `gen_table_column`
(
    `id`             int(10) UNSIGNED                                              NOT NULL AUTO_INCREMENT COMMENT '主键',
    `table_id`       int(10) UNSIGNED                                              NOT NULL COMMENT '表id',
    `column_name`    varchar(100) CHARACTER SET utf8mb4 COLLATE utf8mb4_general_ci NOT NULL COMMENT '字段名',
    `column_comment` varchar(255) CHARACTER SET utf8mb4 COLLATE utf8mb4_general_ci NULL     DEFAULT NULL COMMENT '字段描述',
    `sort`           int(6)                                                        NULL     DEFAULT NULL COMMENT '排序',
    `column_type`    varchar(50) CHARACTER SET utf8mb4 COLLATE utf8mb4_general_ci  NOT NULL COMMENT '列类型',
    `is_primary_key` tinyint(1) UNSIGNED                                           NOT NULL DEFAULT 0 COMMENT '是否主键（0否，1是）',
    `is_increment`   tinyint(1) UNSIGNED                                           NOT NULL DEFAULT 0 COMMENT '是否自增（0否，1是）',
    `is_required`    tinyint(1) UNSIGNED                                           NOT NULL DEFAULT 1 COMMENT '是否为空（0否，1是）',
    `java_type`      varchar(25) CHARACTER SET utf8mb4 COLLATE utf8mb4_general_ci  NOT NULL DEFAULT 'String' COMMENT 'JAVA类型',
    `java_field`     varchar(100) CHARACTER SET utf8mb4 COLLATE utf8mb4_general_ci NOT NULL COMMENT 'JAVA字段名',
    `is_insert`      tinyint(1)                                                    NOT NULL DEFAULT 1 COMMENT '是否为插入字段（0否，1是）',
    `is_edit`        tinyint(1)                                                    NOT NULL DEFAULT 1 COMMENT '是否编辑字段（0否，1是）',
    `is_list`        tinyint(1)                                                    NOT NULL DEFAULT 1 COMMENT '是否列表字段（0否，1是）',
    `is_query`       tinyint(1)                                                    NOT NULL DEFAULT 1 COMMENT '是否查询字段（0否，1是）',
    `query_type`     varchar(4) CHARACTER SET utf8mb4 COLLATE utf8mb4_general_ci   NULL     DEFAULT 'eq' COMMENT '查询方式（等于-eq、不等于-ne、大于-gt、小于-lt、范围-like）',
    `html_type`      varchar(10) CHARACTER SET utf8mb4 COLLATE utf8mb4_general_ci  NOT NULL DEFAULT 'input' COMMENT '显示类型（文本框-input、文本域-text、下拉框-dropdown、复选框-checkbox、单选框-radio、日期控件-datetime）',
    `dict_type`      varchar(50) CHARACTER SET utf8mb4 COLLATE utf8mb4_general_ci  NULL     DEFAULT '' COMMENT '字典类型',
    `create_date`    datetime                                                      NULL     DEFAULT NULL ON UPDATE CURRENT_TIMESTAMP COMMENT '创建时间',
    `update_date`    datetime                                                      NULL     DEFAULT NULL ON UPDATE CURRENT_TIMESTAMP COMMENT '更新时间',
    PRIMARY KEY (`id`) USING BTREE
) ENGINE = InnoDB
  AUTO_INCREMENT = 1
  CHARACTER SET = utf8mb4
  COLLATE = utf8mb4_general_ci COMMENT = '字段详情表';

-- ----------------------------
-- Table structure for gen_table_config
-- ----------------------------
DROP TABLE IF EXISTS `gen_table_config`;
CREATE TABLE `gen_table_config`
(
    `id`            int(10) UNSIGNED                                              NOT NULL AUTO_INCREMENT COMMENT 'id',
    `name`          varchar(255) CHARACTER SET utf8mb4 COLLATE utf8mb4_general_ci NOT NULL COMMENT '配置名稱',
    `author`        varchar(30) CHARACTER SET utf8mb4 COLLATE utf8mb4_general_ci  NULL     DEFAULT NULL COMMENT '作者',
    `package_name`  varchar(255) CHARACTER SET utf8mb4 COLLATE utf8mb4_general_ci NULL     DEFAULT NULL COMMENT '包名',
    `module_name`   varchar(255) CHARACTER SET utf8mb4 COLLATE utf8mb4_general_ci NULL     DEFAULT NULL COMMENT '模块名',
    `date_format`   varchar(60) CHARACTER SET utf8mb4 COLLATE utf8mb4_general_ci  NULL     DEFAULT NULL COMMENT '时间格式',
    `table_prefix`  varchar(255) CHARACTER SET utf8mb4 COLLATE utf8mb4_general_ci NULL     DEFAULT NULL COMMENT '表前綴',
    `remove_prefix` tinyint(1) UNSIGNED                                           NOT NULL DEFAULT 0 COMMENT '移除表前綴(0 否 1 是)',
    `create_date`   datetime                                                      NULL     DEFAULT NULL ON UPDATE CURRENT_TIMESTAMP COMMENT '创建时间',
    PRIMARY KEY (`id`) USING BTREE
) ENGINE = InnoDB
  AUTO_INCREMENT = 2
  CHARACTER SET = utf8mb4
  COLLATE = utf8mb4_general_ci COMMENT = '配置表';

-- ----------------------------
-- Records of gen_table_config
-- ----------------------------
INSERT INTO `gen_table_config`
VALUES (1, '默认', 'Joshua', 'com.moonlit', 'generator', NULL, 'gen_', 1, NOW());

-- ----------------------------
-- Table structure for gen_field_mapping
-- ----------------------------
DROP TABLE IF EXISTS `gen_field_mapping`;
CREATE TABLE `gen_field_mapping`
(
    `id`      int(10) UNSIGNED                                             NOT NULL AUTO_INCREMENT COMMENT '主键',
    `comment` varchar(50) CHARACTER SET utf8mb4 COLLATE utf8mb4_general_ci NOT NULL COMMENT '键',
    `mapping` varchar(50) CHARACTER SET utf8mb4 COLLATE utf8mb4_general_ci NOT NULL COMMENT '值',
    `type`    tinyint(1)                                                   NOT NULL COMMENT '类型（0：String、1：Boolean、2、List）',
    `state`   tinyint(1)                                                   NOT NULL DEFAULT 1 COMMENT '状态（0 否 1 是）',
    PRIMARY KEY (`id`) USING BTREE
) ENGINE = InnoDB
  AUTO_INCREMENT = 4
  CHARACTER SET = utf8mb4
  COLLATE = utf8mb4_general_ci COMMENT = '键值映射表';

-- ----------------------------
-- Records of gen_field_mapping
-- ----------------------------
BEGIN;
INSERT INTO `gen_field_mapping`
VALUES (1, 'email', 'email.com', 0, 1),
       (2, 'testList', 'a,b,c,d', 2, 1),
       (3, 'testBoolean', 'true', 1, 1);
COMMIT;

-- ----------------------------
-- Table structure for gen_template_collection
-- ----------------------------
DROP TABLE IF EXISTS `gen_template_collection`;
CREATE TABLE `gen_template_collection`
(
    `id`          int(10) UNSIGNED                                             NOT NULL AUTO_INCREMENT COMMENT 'id',
    `name`        varchar(30) CHARACTER SET utf8mb4 COLLATE utf8mb4_general_ci NOT NULL COMMENT '模板名称',
    `state`       tinyint(1)                                                   NOT NULL DEFAULT 1 COMMENT '状态（0否、1是）',
    `create_date` datetime                                                     NOT NULL COMMENT '创建时间',
    PRIMARY KEY (`id`) USING BTREE
) ENGINE = InnoDB
  AUTO_INCREMENT = 7
  CHARACTER SET = utf8mb4
  COLLATE = utf8mb4_general_ci COMMENT = '模板组表';

-- ----------------------------
-- Records of gen_template_collection
-- ----------------------------
BEGIN;
INSERT INTO `gen_template_collection`
VALUES (1, '默认', 1, NOW()),
       (2, 'Java', 1, NOW()),
       (3, 'Sql', 1, NOW()),
       (4, 'Vue', 1, NOW()),
       (5, 'Xml', 1, NOW()),
       (6, 'Js', 1, NOW());
COMMIT;

-- ----------------------------
-- Table structure for gen_template_config
-- ----------------------------
DROP TABLE IF EXISTS `gen_template_config`;
CREATE TABLE `gen_template_config`
(
    `id`            int(10) UNSIGNED                                             NOT NULL AUTO_INCREMENT COMMENT 'id',
    `collection_id` int(10)                                                      NOT NULL DEFAULT 1 COMMENT '模板組id',
    `name`          varchar(60) CHARACTER SET utf8mb4 COLLATE utf8mb4_general_ci NOT NULL COMMENT '名称',
    `template`      longtext CHARACTER SET utf8mb4 COLLATE utf8mb4_general_ci    NULL COMMENT '模板',
    `suffix_name`   varchar(10) CHARACTER SET utf8mb4 COLLATE utf8mb4_general_ci NOT NULL COMMENT '模板后缀名',
    `display`       tinyint(1) UNSIGNED                                          NOT NULL DEFAULT 0 COMMENT '展示（0:否 1:是）',
    `state`         tinyint(1) UNSIGNED                                          NOT NULL DEFAULT 1 COMMENT '状态（0:否 1:是）',
    `create_date`   datetime                                                     NULL     DEFAULT NULL COMMENT '创建时间',
    PRIMARY KEY (`id`) USING BTREE
) ENGINE = InnoDB
  AUTO_INCREMENT = 20
  CHARACTER SET = utf8mb4
  COLLATE = utf8mb4_general_ci COMMENT = '模板配置表';

-- ----------------------------
-- Records of gen_template_config
-- ----------------------------
BEGIN;
INSERT INTO `gen_template_config`
VALUES (1, 1, 'Controller',
        '<pre class=\"ql-syntax\" spellcheck=\"false\">package <span class=\"hljs-string\">${</span>packageName}&lt;<span class=\"hljs-symbol\">#if</span> moduleName??&gt;.<span class=\"hljs-string\">${</span>moduleName}&lt;/<span class=\"hljs-symbol\">#if</span>&gt;.controller;\n\nimport <span class=\"hljs-string\">${</span>packageName}&lt;<span class=\"hljs-symbol\">#if</span> moduleName??&gt;.<span class=\"hljs-string\">${</span>moduleName}&lt;/<span class=\"hljs-symbol\">#if</span>&gt;.common.page.<span class=\"hljs-type\">PageResult</span>;\nimport <span class=\"hljs-string\">${</span>packageName}&lt;<span class=\"hljs-symbol\">#if</span> moduleName??&gt;.<span class=\"hljs-string\">${</span>moduleName}&lt;/<span class=\"hljs-symbol\">#if</span>&gt;.common.response.<span class=\"hljs-type\">Result</span>;\nimport <span class=\"hljs-string\">${</span>packageName}&lt;<span class=\"hljs-symbol\">#if</span> moduleName??&gt;.<span class=\"hljs-string\">${</span>moduleName}&lt;/<span class=\"hljs-symbol\">#if</span>&gt;.entity.<span class=\"hljs-string\">${</span>className};\nimport <span class=\"hljs-string\">${</span>packageName}&lt;<span class=\"hljs-symbol\">#if</span> moduleName??&gt;.<span class=\"hljs-string\">${</span>moduleName}&lt;/<span class=\"hljs-symbol\">#if</span>&gt;.service.<span class=\"hljs-string\">${</span>className}<span class=\"hljs-type\">Service</span>;\nimport org.springframework.beans.factory.annotation.<span class=\"hljs-type\">Autowired</span>;\nimport org.springframework.web.bind.annotation.*;\n\nimport java.util.<span class=\"hljs-type\">List</span>;\n\n/**\n&nbsp;* &lt;<span class=\"hljs-symbol\">#if</span> comment??&gt;<span class=\"hljs-string\">${</span>comment}&lt;/<span class=\"hljs-symbol\">#if</span>&gt;控制层\n&nbsp;*\n&nbsp;* @author <span class=\"hljs-string\">${</span>author}\n&nbsp;* @version <span class=\"hljs-number\">1.0</span>\n&nbsp;* @date <span class=\"hljs-string\">${</span>datetime}\n&nbsp;*/\n@<span class=\"hljs-type\">RestController</span>\n@<span class=\"hljs-type\">RequestMapping</span>(<span class=\"hljs-comment\">\"/${businessName}\"</span>)\npublic class <span class=\"hljs-string\">${</span>className}<span class=\"hljs-type\">Controller</span> {\n\n&nbsp; &nbsp; @<span class=\"hljs-type\">Autowired</span>\n&nbsp; &nbsp; private <span class=\"hljs-string\">${</span>className}<span class=\"hljs-type\">Service</span> <span class=\"hljs-string\">${</span>objectName}<span class=\"hljs-type\">Service</span>;\n\n&nbsp; &nbsp; /**\n&nbsp; &nbsp; &nbsp;* 分页查询&lt;<span class=\"hljs-symbol\">#if</span> comment??&gt;<span class=\"hljs-string\">${</span>comment}&lt;/<span class=\"hljs-symbol\">#if</span>&gt;\n&nbsp; &nbsp; &nbsp;*\n&nbsp; &nbsp; &nbsp;* @param <span class=\"hljs-string\">${</span>objectName} &lt;<span class=\"hljs-symbol\">#if</span> comment??&gt;<span class=\"hljs-string\">${</span>comment}&lt;/<span class=\"hljs-symbol\">#if</span>&gt;实体\n&nbsp; &nbsp; &nbsp;* @return <span class=\"hljs-string\">${</span>comment}集合\n&nbsp; &nbsp; &nbsp;*/\n&nbsp; &nbsp; @<span class=\"hljs-type\">GetMapping</span>(<span class=\"hljs-comment\">\"/pageList\"</span>)\n&nbsp; &nbsp; public <span class=\"hljs-type\">Result</span>&lt;<span class=\"hljs-type\">PageResult</span>&lt;<span class=\"hljs-string\">${</span>className}&gt;&gt; page(<span class=\"hljs-string\">${</span>className} <span class=\"hljs-string\">${</span>objectName}) {\n&nbsp; &nbsp; &nbsp; &nbsp; return <span class=\"hljs-type\">Result</span>.success(<span class=\"hljs-string\">${</span>objectName}<span class=\"hljs-type\">Service</span>.pageList(<span class=\"hljs-string\">${</span>objectName}));\n&nbsp; &nbsp; }\n\n&nbsp; &nbsp; /**\n&nbsp; &nbsp; &nbsp;* 查询&lt;<span class=\"hljs-symbol\">#if</span> comment??&gt;<span class=\"hljs-string\">${</span>comment}&lt;/<span class=\"hljs-symbol\">#if</span>&gt;列表\n&nbsp; &nbsp; &nbsp;*\n&nbsp; &nbsp; &nbsp;* @param <span class=\"hljs-string\">${</span>objectName} &lt;<span class=\"hljs-symbol\">#if</span> comment??&gt;<span class=\"hljs-string\">${</span>comment}&lt;/<span class=\"hljs-symbol\">#if</span>&gt;实体\n&nbsp; &nbsp; &nbsp;* @return <span class=\"hljs-string\">${</span>comment}集合\n&nbsp; &nbsp; &nbsp;*/\n&nbsp; &nbsp; @<span class=\"hljs-type\">GetMapping</span>(<span class=\"hljs-comment\">\"/list\"</span>)\n&nbsp; &nbsp; public <span class=\"hljs-type\">Result</span>&lt;<span class=\"hljs-type\">List</span>&lt;<span class=\"hljs-string\">${</span>className}&gt;&gt; list(<span class=\"hljs-string\">${</span>className} <span class=\"hljs-string\">${</span>objectName}) {\n&nbsp; &nbsp; &nbsp; &nbsp;return <span class=\"hljs-type\">Result</span>.success(<span class=\"hljs-string\">${</span>objectName}<span class=\"hljs-type\">Service</span>.select<span class=\"hljs-string\">${</span>className}<span class=\"hljs-type\">List</span>(<span class=\"hljs-string\">${</span>objectName}));\n&nbsp; &nbsp; }\n\n&nbsp; &nbsp; /**\n&nbsp; &nbsp; &nbsp;* 新增&lt;<span class=\"hljs-symbol\">#if</span> comment??&gt;<span class=\"hljs-string\">${</span>comment}&lt;/<span class=\"hljs-symbol\">#if</span>&gt;\n&nbsp; &nbsp; &nbsp;*\n&nbsp; &nbsp; &nbsp;* @param <span class=\"hljs-string\">${</span>objectName} &lt;<span class=\"hljs-symbol\">#if</span> comment??&gt;<span class=\"hljs-string\">${</span>comment}&lt;/<span class=\"hljs-symbol\">#if</span>&gt;实体\n&nbsp; &nbsp; &nbsp;* @return 结果\n&nbsp; &nbsp; &nbsp;*/\n&nbsp; &nbsp; @<span class=\"hljs-type\">PostMapping</span>(<span class=\"hljs-comment\">\"/save\"</span>)\n&nbsp; &nbsp; public <span class=\"hljs-type\">Result</span>&lt;<span class=\"hljs-type\">Boolean</span>&gt; addSave(@<span class=\"hljs-type\">RequestBody</span> <span class=\"hljs-string\">${</span>className} <span class=\"hljs-string\">${</span>objectName}) {\n&nbsp; &nbsp; &nbsp; &nbsp; return <span class=\"hljs-type\">Result</span>.success(<span class=\"hljs-string\">${</span>objectName}<span class=\"hljs-type\">Service</span>.insert<span class=\"hljs-string\">${</span>className}(<span class=\"hljs-string\">${</span>objectName}));\n&nbsp; &nbsp; }\n\n&nbsp; &nbsp; /**\n&nbsp; &nbsp; * 修改&lt;<span class=\"hljs-symbol\">#if</span> comment??&gt;<span class=\"hljs-string\">${</span>comment}&lt;/<span class=\"hljs-symbol\">#if</span>&gt;\n&nbsp; &nbsp; *\n&nbsp; &nbsp; * @param <span class=\"hljs-string\">${</span>objectName} &lt;<span class=\"hljs-symbol\">#if</span> comment??&gt;<span class=\"hljs-string\">${</span>comment}&lt;/<span class=\"hljs-symbol\">#if</span>&gt;实体\n&nbsp; &nbsp; * @return 结果\n&nbsp; &nbsp; */\n&nbsp; &nbsp; @<span class=\"hljs-type\">PostMapping</span>(<span class=\"hljs-comment\">\"/update\"</span>)\n&nbsp; &nbsp; public <span class=\"hljs-type\">Result</span>&lt;<span class=\"hljs-type\">Boolean</span>&gt; editSave(@<span class=\"hljs-type\">RequestBody</span> <span class=\"hljs-string\">${</span>className} <span class=\"hljs-string\">${</span>objectName}) {\n&nbsp; &nbsp; &nbsp; &nbsp; return <span class=\"hljs-type\">Result</span>.success(<span class=\"hljs-string\">${</span>objectName}<span class=\"hljs-type\">Service</span>.update<span class=\"hljs-string\">${</span>className}(<span class=\"hljs-string\">${</span>objectName}));\n&nbsp; &nbsp; }\n\n&nbsp; &nbsp; /**\n&nbsp; &nbsp; &nbsp;* 批量删除&lt;<span class=\"hljs-symbol\">#if</span> comment??&gt;<span class=\"hljs-string\">${</span>comment}&lt;/<span class=\"hljs-symbol\">#if</span>&gt;\n&nbsp; &nbsp; &nbsp;*\n&nbsp; &nbsp; &nbsp;* @param ids 需要删除的数据<span class=\"hljs-type\">ID</span>\n&nbsp; &nbsp; &nbsp;* @return 结果\n&nbsp; &nbsp; &nbsp;*/\n&nbsp; &nbsp; @<span class=\"hljs-type\">PostMapping</span>(<span class=\"hljs-comment\">\"/delete\"</span>)\n&nbsp; &nbsp; public <span class=\"hljs-type\">Result</span>&lt;<span class=\"hljs-type\">Boolean</span>&gt; delete(<span class=\"hljs-type\">String</span> ids) {\n&nbsp; &nbsp; &nbsp; &nbsp; return <span class=\"hljs-type\">Result</span>.success(<span class=\"hljs-string\">${</span>objectName}<span class=\"hljs-type\">Service</span>.delete<span class=\"hljs-string\">${</span>className}<span class=\"hljs-type\">ByIds</span>(ids));\n&nbsp; &nbsp; }\n\n}\n</pre>',
        'java', 1, 1, now()),
       (2, 1, 'Service',
        '<pre class=\"ql-syntax\" spellcheck=\"false\">package <span class=\"hljs-string\">${</span>packageName}&lt;<span class=\"hljs-symbol\">#if</span> moduleName??&gt;.<span class=\"hljs-string\">${</span>moduleName}&lt;/<span class=\"hljs-symbol\">#if</span>&gt;.service;\n\nimport com.baomidou.mybatisplus.extension.service.<span class=\"hljs-type\">IService</span>;\nimport <span class=\"hljs-string\">${</span>packageName}&lt;<span class=\"hljs-symbol\">#if</span> moduleName??&gt;.<span class=\"hljs-string\">${</span>moduleName}&lt;/<span class=\"hljs-symbol\">#if</span>&gt;.common.page.<span class=\"hljs-type\">PageResult</span>;\nimport <span class=\"hljs-string\">${</span>packageName}&lt;<span class=\"hljs-symbol\">#if</span> moduleName??&gt;.<span class=\"hljs-string\">${</span>moduleName}&lt;/<span class=\"hljs-symbol\">#if</span>&gt;.entity.<span class=\"hljs-string\">${</span>className};\n\nimport java.util.<span class=\"hljs-type\">List</span>;\n\n/**\n * &lt;<span class=\"hljs-symbol\">#if</span> comment??&gt;<span class=\"hljs-string\">${</span>comment}&lt;/<span class=\"hljs-symbol\">#if</span>&gt;业务层\n * \n * @author <span class=\"hljs-string\">${</span>author}\n * @version <span class=\"hljs-number\">1.0</span>\n * @date <span class=\"hljs-string\">${</span>datetime}\n */\npublic interface <span class=\"hljs-string\">${</span>className}<span class=\"hljs-type\">Service</span> extends <span class=\"hljs-type\">IService</span>&lt;<span class=\"hljs-string\">${</span>className}&gt; {\n\n    /**\n     * 分页查询&lt;<span class=\"hljs-symbol\">#if</span> comment??&gt;<span class=\"hljs-string\">${</span>comment}&lt;/<span class=\"hljs-symbol\">#if</span>&gt;\n     *\n     * @param <span class=\"hljs-string\">${</span>objectName} &lt;<span class=\"hljs-symbol\">#if</span> comment??&gt;<span class=\"hljs-string\">${</span>comment}&lt;/<span class=\"hljs-symbol\">#if</span>&gt;实体\n     * @return &lt;<span class=\"hljs-symbol\">#if</span> comment??&gt;<span class=\"hljs-string\">${</span>comment}&lt;/<span class=\"hljs-symbol\">#if</span>&gt;集合\n     */\n    <span class=\"hljs-type\">PageResult</span>&lt;<span class=\"hljs-string\">${</span>className}&gt; pageList(<span class=\"hljs-string\">${</span>className} <span class=\"hljs-string\">${</span>objectName});\n\n    /**\n     * 查询&lt;<span class=\"hljs-symbol\">#if</span> comment??&gt;<span class=\"hljs-string\">${</span>comment}&lt;/<span class=\"hljs-symbol\">#if</span>&gt;列表\n     * \n     * @param <span class=\"hljs-string\">${</span>objectName} &lt;<span class=\"hljs-symbol\">#if</span> comment??&gt;<span class=\"hljs-string\">${</span>comment}&lt;/<span class=\"hljs-symbol\">#if</span>&gt;实体\n     * @return &lt;<span class=\"hljs-symbol\">#if</span> comment??&gt;<span class=\"hljs-string\">${</span>comment}&lt;/<span class=\"hljs-symbol\">#if</span>&gt;集合\n     */\n    <span class=\"hljs-type\">List</span>&lt;<span class=\"hljs-string\">${</span>className}&gt; select<span class=\"hljs-string\">${</span>className}<span class=\"hljs-type\">List</span>(<span class=\"hljs-string\">${</span>className} <span class=\"hljs-string\">${</span>objectName});\n\n    /**\n     * 新增&lt;<span class=\"hljs-symbol\">#if</span> comment??&gt;<span class=\"hljs-string\">${</span>comment}&lt;/<span class=\"hljs-symbol\">#if</span>&gt;\n     * \n     * @param <span class=\"hljs-string\">${</span>objectName} &lt;<span class=\"hljs-symbol\">#if</span> comment??&gt;<span class=\"hljs-string\">${</span>comment}&lt;/<span class=\"hljs-symbol\">#if</span>&gt;实体\n     * @return 结果\n     */\n    <span class=\"hljs-type\">Boolean</span> insert<span class=\"hljs-string\">${</span>className}(<span class=\"hljs-string\">${</span>className} <span class=\"hljs-string\">${</span>objectName});\n\n    /**\n     * 修改&lt;<span class=\"hljs-symbol\">#if</span> comment??&gt;<span class=\"hljs-string\">${</span>comment}&lt;/<span class=\"hljs-symbol\">#if</span>&gt;\n     * \n     * @param <span class=\"hljs-string\">${</span>objectName} &lt;<span class=\"hljs-symbol\">#if</span> comment??&gt;<span class=\"hljs-string\">${</span>comment}&lt;/<span class=\"hljs-symbol\">#if</span>&gt;实体\n     * @return 结果\n     */\n    <span class=\"hljs-type\">Boolean</span> update<span class=\"hljs-string\">${</span>className}(<span class=\"hljs-string\">${</span>className} <span class=\"hljs-string\">${</span>objectName});\n\n    /**\n     * 批量删除&lt;<span class=\"hljs-symbol\">#if</span> comment??&gt;<span class=\"hljs-string\">${</span>comment}&lt;/<span class=\"hljs-symbol\">#if</span>&gt;\n     * \n     * @param ids 需要删除的数据<span class=\"hljs-type\">ID</span>\n     * @return 结果\n     */\n    <span class=\"hljs-type\">Boolean</span> delete<span class=\"hljs-string\">${</span>className}<span class=\"hljs-type\">ByIds</span>(<span class=\"hljs-type\">String</span> ids);\n\n}\n</pre>',
        'java', 1, 1, now()),
       (3, 1, 'ServiceImpl',
        '<pre class=\"ql-syntax\" spellcheck=\"false\">package <span class=\"hljs-string\">${</span>packageName}&lt;<span class=\"hljs-symbol\">#if</span> moduleName??&gt;.<span class=\"hljs-string\">${</span>moduleName}&lt;/<span class=\"hljs-symbol\">#if</span>&gt;.service.impl;\n\nimport cn.hutool.core.convert.<span class=\"hljs-type\">Convert</span>;\nimport cn.hutool.core.util.<span class=\"hljs-type\">ObjectUtil</span>;\nimport com.baomidou.mybatisplus.core.conditions.query.<span class=\"hljs-type\">LambdaQueryWrapper</span>;\nimport com.baomidou.mybatisplus.core.toolkit.<span class=\"hljs-type\">Wrappers</span>;\nimport com.baomidou.mybatisplus.extension.service.impl.<span class=\"hljs-type\">ServiceImpl</span>;\nimport <span class=\"hljs-string\">${</span>packageName}&lt;<span class=\"hljs-symbol\">#if</span> moduleName??&gt;.<span class=\"hljs-string\">${</span>moduleName}&lt;/<span class=\"hljs-symbol\">#if</span>&gt;.common.page.<span class=\"hljs-type\">PageFactory</span>;\nimport <span class=\"hljs-string\">${</span>packageName}&lt;<span class=\"hljs-symbol\">#if</span> moduleName??&gt;.<span class=\"hljs-string\">${</span>moduleName}&lt;/<span class=\"hljs-symbol\">#if</span>&gt;.common.page.<span class=\"hljs-type\">PageResult</span>;\nimport <span class=\"hljs-string\">${</span>packageName}&lt;<span class=\"hljs-symbol\">#if</span> moduleName??&gt;.<span class=\"hljs-string\">${</span>moduleName}&lt;/<span class=\"hljs-symbol\">#if</span>&gt;.entity.<span class=\"hljs-string\">${</span>className};\nimport <span class=\"hljs-string\">${</span>packageName}&lt;<span class=\"hljs-symbol\">#if</span> moduleName??&gt;.<span class=\"hljs-string\">${</span>moduleName}&lt;/<span class=\"hljs-symbol\">#if</span>&gt;.mapper.<span class=\"hljs-string\">${</span>className}<span class=\"hljs-type\">Mapper</span>;\nimport <span class=\"hljs-string\">${</span>packageName}&lt;<span class=\"hljs-symbol\">#if</span> moduleName??&gt;.<span class=\"hljs-string\">${</span>moduleName}&lt;/<span class=\"hljs-symbol\">#if</span>&gt;.service.<span class=\"hljs-string\">${</span>className}<span class=\"hljs-type\">Service</span>;\nimport org.springframework.stereotype.<span class=\"hljs-type\">Service</span>;\n\nimport java.time.<span class=\"hljs-type\">LocalDateTime</span>;\nimport java.util.<span class=\"hljs-type\">Arrays</span>;\nimport java.util.<span class=\"hljs-type\">List</span>;\n\n/**\n * &lt;<span class=\"hljs-symbol\">#if</span> comment??&gt;<span class=\"hljs-string\">${</span>comment}&lt;/<span class=\"hljs-symbol\">#if</span>&gt;业务实现层\n *\n * @author <span class=\"hljs-string\">${</span>author}\n * @version <span class=\"hljs-number\">1.0</span>\n * @date <span class=\"hljs-string\">${</span>datetime}\n */\n@<span class=\"hljs-type\">Service</span>\npublic class <span class=\"hljs-string\">${</span>className}<span class=\"hljs-type\">ServiceImpl</span> extends <span class=\"hljs-type\">ServiceImpl</span>&lt;<span class=\"hljs-string\">${</span>className}<span class=\"hljs-type\">Mapper</span>, <span class=\"hljs-string\">${</span>className}&gt; implements <span class=\"hljs-string\">${</span>className}<span class=\"hljs-type\">Service</span> {\n\n    /**\n     * 分页查询&lt;<span class=\"hljs-symbol\">#if</span> comment??&gt;<span class=\"hljs-string\">${</span>comment}&lt;/<span class=\"hljs-symbol\">#if</span>&gt;\n     *\n     * @param <span class=\"hljs-string\">${</span>objectName} &lt;<span class=\"hljs-symbol\">#if</span> comment??&gt;<span class=\"hljs-string\">${</span>comment}&lt;/<span class=\"hljs-symbol\">#if</span>&gt;实体\n     * @return &lt;<span class=\"hljs-symbol\">#if</span> comment??&gt;<span class=\"hljs-string\">${</span>comment}&lt;/<span class=\"hljs-symbol\">#if</span>&gt;集合\n     */\n    @<span class=\"hljs-type\">Override</span>\n    public <span class=\"hljs-type\">PageResult</span>&lt;<span class=\"hljs-string\">${</span>className}&gt; pageList(<span class=\"hljs-string\">${</span>className} <span class=\"hljs-string\">${</span>objectName}) {\n        <span class=\"hljs-type\">LambdaQueryWrapper</span>&lt;<span class=\"hljs-string\">${</span>className}&gt; queryWrapper = <span class=\"hljs-type\">Wrappers</span>.lambdaQuery();\n        if (<span class=\"hljs-type\">ObjectUtil</span>.isNotNull(<span class=\"hljs-string\">${</span>objectName})) {\n&lt;<span class=\"hljs-symbol\">#list</span> tableColumns as column&gt;\n    &lt;<span class=\"hljs-symbol\">#if</span> column.isQuery &amp;&amp; column.javaType != <span class=\"hljs-string\">\'LocalDateTime\'</span>&gt;\n            if (<span class=\"hljs-type\">ObjectUtil</span>.isNotEmpty(<span class=\"hljs-string\">${</span>objectName}.get<span class=\"hljs-string\">${</span>column.javaField?cap_first}())){\n                queryWrapper.<span class=\"hljs-string\">${</span>column.queryType}(<span class=\"hljs-string\">${</span>className}::get<span class=\"hljs-string\">${</span>column.javaField}, <span class=\"hljs-string\">${</span>objectName}.get<span class=\"hljs-string\">${</span>column.javaField}());\n            }\n    &lt;/<span class=\"hljs-symbol\">#if</span>&gt;\n&lt;/<span class=\"hljs-symbol\">#list</span>&gt;\n        }\n        return new <span class=\"hljs-type\">PageResult</span>&lt;&gt;(this.page(<span class=\"hljs-type\">PageFactory</span>.defaultPage(), queryWrapper));\n    }\n\n    /**\n     * 查询&lt;<span class=\"hljs-symbol\">#if</span> comment??&gt;<span class=\"hljs-string\">${</span>comment}&lt;/<span class=\"hljs-symbol\">#if</span>&gt;列表\n     *\n     * @param <span class=\"hljs-string\">${</span>objectName} &lt;<span class=\"hljs-symbol\">#if</span> comment??&gt;<span class=\"hljs-string\">${</span>comment}&lt;/<span class=\"hljs-symbol\">#if</span>&gt;实体\n     * @return &lt;<span class=\"hljs-symbol\">#if</span> comment??&gt;<span class=\"hljs-string\">${</span>comment}&lt;/<span class=\"hljs-symbol\">#if</span>&gt;集合\n     */\n    @<span class=\"hljs-type\">Override</span>\n    public <span class=\"hljs-type\">List</span>&lt;<span class=\"hljs-string\">${</span>className}&gt; select<span class=\"hljs-string\">${</span>className}<span class=\"hljs-type\">List</span>(<span class=\"hljs-string\">${</span>className} <span class=\"hljs-string\">${</span>objectName}) {\n        <span class=\"hljs-type\">LambdaQueryWrapper</span>&lt;<span class=\"hljs-string\">${</span>className}&gt; queryWrapper = <span class=\"hljs-type\">Wrappers</span>.lambdaQuery();\n        return this.list(queryWrapper);\n    }\n\n    /**\n     * 新增&lt;<span class=\"hljs-symbol\">#if</span> comment??&gt;<span class=\"hljs-string\">${</span>comment}&lt;/<span class=\"hljs-symbol\">#if</span>&gt;\n     *\n     * @param <span class=\"hljs-string\">${</span>objectName} &lt;<span class=\"hljs-symbol\">#if</span> comment??&gt;<span class=\"hljs-string\">${</span>comment}&lt;/<span class=\"hljs-symbol\">#if</span>&gt;实体\n     * @return 结果\n     */\n    @<span class=\"hljs-type\">Override</span>\n    public <span class=\"hljs-type\">Boolean</span> insert<span class=\"hljs-string\">${</span>className}(<span class=\"hljs-string\">${</span>className} <span class=\"hljs-string\">${</span>objectName}) {\n&lt;<span class=\"hljs-symbol\">#list</span> tableColumns as column&gt;\n    &lt;<span class=\"hljs-symbol\">#if</span> column.javaType == <span class=\"hljs-string\">\'LocalDateTime\'</span> &amp;&amp; <span class=\"hljs-comment\">\"createDateTime,createDate,createTime\"</span>?contains(column.javaField)&gt;\n        <span class=\"hljs-string\">${</span>objectName}.set<span class=\"hljs-string\">${</span>column.javaField?cap_first}(<span class=\"hljs-type\">LocalDateTime</span>.now());\n    &lt;/<span class=\"hljs-symbol\">#if</span>&gt;\n&lt;/<span class=\"hljs-symbol\">#list</span>&gt;\n        return this.save(<span class=\"hljs-string\">${</span>objectName});\n    }\n\n    /**\n     * 修改&lt;<span class=\"hljs-symbol\">#if</span> comment??&gt;<span class=\"hljs-string\">${</span>comment}&lt;/<span class=\"hljs-symbol\">#if</span>&gt;\n     *\n     * @param <span class=\"hljs-string\">${</span>objectName} &lt;<span class=\"hljs-symbol\">#if</span> comment??&gt;<span class=\"hljs-string\">${</span>comment}&lt;/<span class=\"hljs-symbol\">#if</span>&gt;实体\n     * @return 结果\n     */\n    @<span class=\"hljs-type\">Override</span>\n    public <span class=\"hljs-type\">Boolean</span> update<span class=\"hljs-string\">${</span>className}(<span class=\"hljs-string\">${</span>className} <span class=\"hljs-string\">${</span>objectName}) {\n&lt;<span class=\"hljs-symbol\">#list</span> tableColumns as column&gt;\n    &lt;<span class=\"hljs-symbol\">#if</span> column.javaType == <span class=\"hljs-string\">\'LocalDateTime\'</span> &amp;&amp; <span class=\"hljs-comment\">\"updateDateTime,updateDate,updateTime\"</span>?contains(column.javaField)&gt;\n        <span class=\"hljs-string\">${</span>objectName}.set<span class=\"hljs-string\">${</span>column.javaField?cap_first}(<span class=\"hljs-type\">LocalDateTime</span>.now());\n    &lt;/<span class=\"hljs-symbol\">#if</span>&gt;\n&lt;/<span class=\"hljs-symbol\">#list</span>&gt;\n        return this.updateById(<span class=\"hljs-string\">${</span>objectName});\n    }\n\n    /**\n     * 批量删除&lt;<span class=\"hljs-symbol\">#if</span> comment??&gt;<span class=\"hljs-string\">${</span>comment}&lt;/<span class=\"hljs-symbol\">#if</span>&gt;\n     *\n     * @param ids 需要删除的数据<span class=\"hljs-type\">ID</span>\n     * @return 结果\n     */\n    @<span class=\"hljs-type\">Override</span>\n    public <span class=\"hljs-type\">Boolean</span> delete<span class=\"hljs-string\">${</span>className}<span class=\"hljs-type\">ByIds</span>(<span class=\"hljs-type\">String</span> ids) {\n        return this.removeByIds(<span class=\"hljs-type\">Arrays</span>.asList(<span class=\"hljs-type\">Convert</span>.toStrArray(ids)));\n    }\n\n}\n</pre>',
        'java', 1, 1, now()),
       (4, 1, 'Mapper',
        '<pre class=\"ql-syntax\" spellcheck=\"false\">package <span class=\"hljs-string\">${</span>packageName}&lt;<span class=\"hljs-symbol\">#if</span> moduleName??&gt;.<span class=\"hljs-string\">${</span>moduleName}&lt;/<span class=\"hljs-symbol\">#if</span>&gt;.mapper;\n\nimport com.baomidou.mybatisplus.core.mapper.<span class=\"hljs-type\">BaseMapper</span>;\nimport <span class=\"hljs-string\">${</span>packageName}&lt;<span class=\"hljs-symbol\">#if</span> moduleName??&gt;.<span class=\"hljs-string\">${</span>moduleName}&lt;/<span class=\"hljs-symbol\">#if</span>&gt;.entity.<span class=\"hljs-string\">${</span>className};\nimport org.apache.ibatis.annotations.<span class=\"hljs-type\">Mapper</span>;\n\n/**\n&nbsp;* &lt;<span class=\"hljs-symbol\">#if</span> comment??&gt;<span class=\"hljs-string\">${</span>comment}&lt;/<span class=\"hljs-symbol\">#if</span>&gt;映射层\n&nbsp;*\n&nbsp;* @author <span class=\"hljs-string\">${</span>author}\n&nbsp;* @version <span class=\"hljs-number\">1.0</span>\n&nbsp;* @date <span class=\"hljs-string\">${</span>datetime}\n&nbsp;*/\n@<span class=\"hljs-type\">Mapper</span>\npublic interface <span class=\"hljs-string\">${</span>className}<span class=\"hljs-type\">Mapper</span> extends <span class=\"hljs-type\">BaseMapper</span>&lt;<span class=\"hljs-string\">${</span>className}&gt; {\n\n}\n</pre>',
        'java', 1, 1, now()),
       (5, 1, 'Mapping',
        '<pre class=\"ql-syntax\" spellcheck=\"false\"><span class=\"hljs-meta\">&lt;?xml version=\"1.0\" encoding=\"UTF-8\"?&gt;</span>\n<span class=\"hljs-meta\">&lt;!DOCTYPE mapper\n&nbsp; &nbsp; &nbsp; &nbsp; PUBLIC \"-//mybatis.org//DTD Mapper 3.0//EN\"\n&nbsp; &nbsp; &nbsp; &nbsp; \"http://mybatis.org/dtd/mybatis-3-mapper.dtd\"&gt;</span>\n<span class=\"hljs-tag\">&lt;<span class=\"hljs-name\">mapper</span> <span class=\"hljs-attr\">namespace</span>=<span class=\"hljs-string\">\"$</span></span>{packageName}<span class=\"hljs-tag\"><span class=\"hljs-string\">&lt;#if moduleName??&gt;.$</span></span>{moduleName}<span class=\"hljs-tag\"><span class=\"hljs-string\">&lt;/#if&gt;.mapper.$</span></span>{className}<span class=\"hljs-tag\"><span class=\"hljs-string\">Mapper\"</span>&gt;</span>\n\n<span class=\"hljs-tag\">&lt;/<span class=\"hljs-name\">mapper</span>&gt;</span>\n</pre>',
        'xml', 1, 1, now()),
       (6, 1, 'Entity',
        '<pre class=\"ql-syntax\" spellcheck=\"false\">package <span class=\"hljs-string\">${</span>packageName}&lt;<span class=\"hljs-symbol\">#if</span> moduleName??&gt;.<span class=\"hljs-string\">${</span>moduleName}&lt;/<span class=\"hljs-symbol\">#if</span>&gt;.entity;\n\n&lt;<span class=\"hljs-symbol\">#list</span> importList as import&gt;\nimport <span class=\"hljs-string\">${</span>import};\n&lt;/<span class=\"hljs-symbol\">#list</span>&gt;\nimport lombok.<span class=\"hljs-type\">Data</span>;\n\nimport java.io.<span class=\"hljs-type\">Serializable</span>;\n\n/**\n * &lt;<span class=\"hljs-symbol\">#if</span> comment??&gt;<span class=\"hljs-string\">${</span>comment}&lt;/<span class=\"hljs-symbol\">#if</span>&gt;实体\n * \n * @author <span class=\"hljs-string\">${</span>author}\n * @version <span class=\"hljs-number\">1.0</span>\n * @date <span class=\"hljs-string\">${</span>datetime}\n */\n@<span class=\"hljs-type\">Data</span>\npublic class <span class=\"hljs-string\">${</span>className} implements <span class=\"hljs-type\">Serializable</span> {\n\n    private static final long serialVersionUID = <span class=\"hljs-number\">1</span>L;\n\n&lt;<span class=\"hljs-symbol\">#list</span> tableColumns as column&gt;\n    /**\n     * &lt;<span class=\"hljs-symbol\">#if</span> column.columnComment??&gt;<span class=\"hljs-string\">${</span>column.columnComment}&lt;/<span class=\"hljs-symbol\">#if</span>&gt;\n     */\n    &lt;<span class=\"hljs-symbol\">#if</span> column.javaType == <span class=\"hljs-string\">\'LocalDateTime\'</span>&gt;\n    @<span class=\"hljs-type\">JsonFormat</span>(timezone = <span class=\"hljs-comment\">\"GMT+8\"</span>, pattern = <span class=\"hljs-type\">DatePattern</span>.<span class=\"hljs-type\">NORM_DATETIME_PATTERN</span>)\n    &lt;/<span class=\"hljs-symbol\">#if</span>&gt;\n    private <span class=\"hljs-string\">${</span>column.javaType} <span class=\"hljs-string\">${</span>column.javaField};\n\n&lt;/<span class=\"hljs-symbol\">#list</span>&gt;\n}\n</pre>',
        'java', 1, 1, now()),
       (7, 2, 'Controller',
        '<pre class=\"ql-syntax\" spellcheck=\"false\">package <span class=\"hljs-string\">${</span>packageName}&lt;<span class=\"hljs-symbol\">#if</span> moduleName??&gt;.<span class=\"hljs-string\">${</span>moduleName}&lt;/<span class=\"hljs-symbol\">#if</span>&gt;.controller;\n\nimport <span class=\"hljs-string\">${</span>packageName}&lt;<span class=\"hljs-symbol\">#if</span> moduleName??&gt;.<span class=\"hljs-string\">${</span>moduleName}&lt;/<span class=\"hljs-symbol\">#if</span>&gt;.common.page.<span class=\"hljs-type\">PageResult</span>;\nimport <span class=\"hljs-string\">${</span>packageName}&lt;<span class=\"hljs-symbol\">#if</span> moduleName??&gt;.<span class=\"hljs-string\">${</span>moduleName}&lt;/<span class=\"hljs-symbol\">#if</span>&gt;.common.response.<span class=\"hljs-type\">Result</span>;\nimport <span class=\"hljs-string\">${</span>packageName}&lt;<span class=\"hljs-symbol\">#if</span> moduleName??&gt;.<span class=\"hljs-string\">${</span>moduleName}&lt;/<span class=\"hljs-symbol\">#if</span>&gt;.entity.<span class=\"hljs-string\">${</span>className};\nimport <span class=\"hljs-string\">${</span>packageName}&lt;<span class=\"hljs-symbol\">#if</span> moduleName??&gt;.<span class=\"hljs-string\">${</span>moduleName}&lt;/<span class=\"hljs-symbol\">#if</span>&gt;.service.<span class=\"hljs-string\">${</span>className}<span class=\"hljs-type\">Service</span>;\nimport org.springframework.beans.factory.annotation.<span class=\"hljs-type\">Autowired</span>;\nimport org.springframework.web.bind.annotation.*;\n\nimport java.util.<span class=\"hljs-type\">List</span>;\n\n/**\n&nbsp;* &lt;<span class=\"hljs-symbol\">#if</span> comment??&gt;<span class=\"hljs-string\">${</span>comment}&lt;/<span class=\"hljs-symbol\">#if</span>&gt;控制层\n&nbsp;*\n&nbsp;* @author <span class=\"hljs-string\">${</span>author}\n&nbsp;* @version <span class=\"hljs-number\">1.0</span>\n&nbsp;* @date <span class=\"hljs-string\">${</span>datetime}\n&nbsp;*/\n@<span class=\"hljs-type\">RestController</span>\n@<span class=\"hljs-type\">RequestMapping</span>(<span class=\"hljs-comment\">\"/${businessName}\"</span>)\npublic class <span class=\"hljs-string\">${</span>className}<span class=\"hljs-type\">Controller</span> {\n\n&nbsp; &nbsp; @<span class=\"hljs-type\">Autowired</span>\n&nbsp; &nbsp; private <span class=\"hljs-string\">${</span>className}<span class=\"hljs-type\">Service</span> <span class=\"hljs-string\">${</span>objectName}<span class=\"hljs-type\">Service</span>;\n\n&nbsp; &nbsp; /**\n&nbsp; &nbsp; &nbsp;* 分页查询&lt;<span class=\"hljs-symbol\">#if</span> comment??&gt;<span class=\"hljs-string\">${</span>comment}&lt;/<span class=\"hljs-symbol\">#if</span>&gt;\n&nbsp; &nbsp; &nbsp;*\n&nbsp; &nbsp; &nbsp;* @param <span class=\"hljs-string\">${</span>objectName} &lt;<span class=\"hljs-symbol\">#if</span> comment??&gt;<span class=\"hljs-string\">${</span>comment}&lt;/<span class=\"hljs-symbol\">#if</span>&gt;实体\n&nbsp; &nbsp; &nbsp;* @return <span class=\"hljs-string\">${</span>comment}集合\n&nbsp; &nbsp; &nbsp;*/\n&nbsp; &nbsp; @<span class=\"hljs-type\">GetMapping</span>(<span class=\"hljs-comment\">\"/pageList\"</span>)\n&nbsp; &nbsp; public <span class=\"hljs-type\">Result</span>&lt;<span class=\"hljs-type\">PageResult</span>&lt;<span class=\"hljs-string\">${</span>className}&gt;&gt; page(<span class=\"hljs-string\">${</span>className} <span class=\"hljs-string\">${</span>objectName}) {\n&nbsp; &nbsp; &nbsp; &nbsp; return <span class=\"hljs-type\">Result</span>.success(<span class=\"hljs-string\">${</span>objectName}<span class=\"hljs-type\">Service</span>.pageList(<span class=\"hljs-string\">${</span>objectName}));\n&nbsp; &nbsp; }\n\n&nbsp; &nbsp; /**\n&nbsp; &nbsp; &nbsp;* 查询&lt;<span class=\"hljs-symbol\">#if</span> comment??&gt;<span class=\"hljs-string\">${</span>comment}&lt;/<span class=\"hljs-symbol\">#if</span>&gt;列表\n&nbsp; &nbsp; &nbsp;*\n&nbsp; &nbsp; &nbsp;* @param <span class=\"hljs-string\">${</span>objectName} &lt;<span class=\"hljs-symbol\">#if</span> comment??&gt;<span class=\"hljs-string\">${</span>comment}&lt;/<span class=\"hljs-symbol\">#if</span>&gt;实体\n&nbsp; &nbsp; &nbsp;* @return <span class=\"hljs-string\">${</span>comment}集合\n&nbsp; &nbsp; &nbsp;*/\n&nbsp; &nbsp; @<span class=\"hljs-type\">GetMapping</span>(<span class=\"hljs-comment\">\"/list\"</span>)\n&nbsp; &nbsp; public <span class=\"hljs-type\">Result</span>&lt;<span class=\"hljs-type\">List</span>&lt;<span class=\"hljs-string\">${</span>className}&gt;&gt; list(<span class=\"hljs-string\">${</span>className} <span class=\"hljs-string\">${</span>objectName}) {\n&nbsp; &nbsp; &nbsp; &nbsp;return <span class=\"hljs-type\">Result</span>.success(<span class=\"hljs-string\">${</span>objectName}<span class=\"hljs-type\">Service</span>.select<span class=\"hljs-string\">${</span>className}<span class=\"hljs-type\">List</span>(<span class=\"hljs-string\">${</span>objectName}));\n&nbsp; &nbsp; }\n\n&nbsp; &nbsp; /**\n&nbsp; &nbsp; &nbsp;* 新增&lt;<span class=\"hljs-symbol\">#if</span> comment??&gt;<span class=\"hljs-string\">${</span>comment}&lt;/<span class=\"hljs-symbol\">#if</span>&gt;\n&nbsp; &nbsp; &nbsp;*\n&nbsp; &nbsp; &nbsp;* @param <span class=\"hljs-string\">${</span>objectName} &lt;<span class=\"hljs-symbol\">#if</span> comment??&gt;<span class=\"hljs-string\">${</span>comment}&lt;/<span class=\"hljs-symbol\">#if</span>&gt;实体\n&nbsp; &nbsp; &nbsp;* @return 结果\n&nbsp; &nbsp; &nbsp;*/\n&nbsp; &nbsp; @<span class=\"hljs-type\">PostMapping</span>(<span class=\"hljs-comment\">\"/save\"</span>)\n&nbsp; &nbsp; public <span class=\"hljs-type\">Result</span>&lt;<span class=\"hljs-type\">Boolean</span>&gt; addSave(@<span class=\"hljs-type\">RequestBody</span> <span class=\"hljs-string\">${</span>className} <span class=\"hljs-string\">${</span>objectName}) {\n&nbsp; &nbsp; &nbsp; &nbsp; return <span class=\"hljs-type\">Result</span>.success(<span class=\"hljs-string\">${</span>objectName}<span class=\"hljs-type\">Service</span>.insert<span class=\"hljs-string\">${</span>className}(<span class=\"hljs-string\">${</span>objectName}));\n&nbsp; &nbsp; }\n\n&nbsp; &nbsp; /**\n&nbsp; &nbsp; * 修改&lt;<span class=\"hljs-symbol\">#if</span> comment??&gt;<span class=\"hljs-string\">${</span>comment}&lt;/<span class=\"hljs-symbol\">#if</span>&gt;\n&nbsp; &nbsp; *\n&nbsp; &nbsp; * @param <span class=\"hljs-string\">${</span>objectName} &lt;<span class=\"hljs-symbol\">#if</span> comment??&gt;<span class=\"hljs-string\">${</span>comment}&lt;/<span class=\"hljs-symbol\">#if</span>&gt;实体\n&nbsp; &nbsp; * @return 结果\n&nbsp; &nbsp; */\n&nbsp; &nbsp; @<span class=\"hljs-type\">PostMapping</span>(<span class=\"hljs-comment\">\"/update\"</span>)\n&nbsp; &nbsp; public <span class=\"hljs-type\">Result</span>&lt;<span class=\"hljs-type\">Boolean</span>&gt; editSave(@<span class=\"hljs-type\">RequestBody</span> <span class=\"hljs-string\">${</span>className} <span class=\"hljs-string\">${</span>objectName}) {\n&nbsp; &nbsp; &nbsp; &nbsp; return <span class=\"hljs-type\">Result</span>.success(<span class=\"hljs-string\">${</span>objectName}<span class=\"hljs-type\">Service</span>.update<span class=\"hljs-string\">${</span>className}(<span class=\"hljs-string\">${</span>objectName}));\n&nbsp; &nbsp; }\n\n&nbsp; &nbsp; /**\n&nbsp; &nbsp; &nbsp;* 批量删除&lt;<span class=\"hljs-symbol\">#if</span> comment??&gt;<span class=\"hljs-string\">${</span>comment}&lt;/<span class=\"hljs-symbol\">#if</span>&gt;\n&nbsp; &nbsp; &nbsp;*\n&nbsp; &nbsp; &nbsp;* @param ids 需要删除的数据<span class=\"hljs-type\">ID</span>\n&nbsp; &nbsp; &nbsp;* @return 结果\n&nbsp; &nbsp; &nbsp;*/\n&nbsp; &nbsp; @<span class=\"hljs-type\">PostMapping</span>(<span class=\"hljs-comment\">\"/delete\"</span>)\n&nbsp; &nbsp; public <span class=\"hljs-type\">Result</span>&lt;<span class=\"hljs-type\">Boolean</span>&gt; delete(<span class=\"hljs-type\">String</span> ids) {\n&nbsp; &nbsp; &nbsp; &nbsp; return <span class=\"hljs-type\">Result</span>.success(<span class=\"hljs-string\">${</span>objectName}<span class=\"hljs-type\">Service</span>.delete<span class=\"hljs-string\">${</span>className}<span class=\"hljs-type\">ByIds</span>(ids));\n&nbsp; &nbsp; }\n\n}\n</pre>',
        'java', 0, 1, now()),
       (8, 2, 'Service',
        '<pre class=\"ql-syntax\" spellcheck=\"false\">package <span class=\"hljs-string\">${</span>packageName}&lt;<span class=\"hljs-symbol\">#if</span> moduleName??&gt;.<span class=\"hljs-string\">${</span>moduleName}&lt;/<span class=\"hljs-symbol\">#if</span>&gt;.service;\n\nimport com.baomidou.mybatisplus.extension.service.<span class=\"hljs-type\">IService</span>;\nimport <span class=\"hljs-string\">${</span>packageName}&lt;<span class=\"hljs-symbol\">#if</span> moduleName??&gt;.<span class=\"hljs-string\">${</span>moduleName}&lt;/<span class=\"hljs-symbol\">#if</span>&gt;.common.page.<span class=\"hljs-type\">PageResult</span>;\nimport <span class=\"hljs-string\">${</span>packageName}&lt;<span class=\"hljs-symbol\">#if</span> moduleName??&gt;.<span class=\"hljs-string\">${</span>moduleName}&lt;/<span class=\"hljs-symbol\">#if</span>&gt;.entity.<span class=\"hljs-string\">${</span>className};\n\nimport java.util.<span class=\"hljs-type\">List</span>;\n\n/**\n * &lt;<span class=\"hljs-symbol\">#if</span> comment??&gt;<span class=\"hljs-string\">${</span>comment}&lt;/<span class=\"hljs-symbol\">#if</span>&gt;业务层\n * \n * @author <span class=\"hljs-string\">${</span>author}\n * @version <span class=\"hljs-number\">1.0</span>\n * @date <span class=\"hljs-string\">${</span>datetime}\n */\npublic interface <span class=\"hljs-string\">${</span>className}<span class=\"hljs-type\">Service</span> extends <span class=\"hljs-type\">IService</span>&lt;<span class=\"hljs-string\">${</span>className}&gt; {\n\n    /**\n     * 分页查询&lt;<span class=\"hljs-symbol\">#if</span> comment??&gt;<span class=\"hljs-string\">${</span>comment}&lt;/<span class=\"hljs-symbol\">#if</span>&gt;\n     *\n     * @param <span class=\"hljs-string\">${</span>objectName} &lt;<span class=\"hljs-symbol\">#if</span> comment??&gt;<span class=\"hljs-string\">${</span>comment}&lt;/<span class=\"hljs-symbol\">#if</span>&gt;实体\n     * @return &lt;<span class=\"hljs-symbol\">#if</span> comment??&gt;<span class=\"hljs-string\">${</span>comment}&lt;/<span class=\"hljs-symbol\">#if</span>&gt;集合\n     */\n    <span class=\"hljs-type\">PageResult</span>&lt;<span class=\"hljs-string\">${</span>className}&gt; pageList(<span class=\"hljs-string\">${</span>className} <span class=\"hljs-string\">${</span>objectName});\n\n    /**\n     * 查询&lt;<span class=\"hljs-symbol\">#if</span> comment??&gt;<span class=\"hljs-string\">${</span>comment}&lt;/<span class=\"hljs-symbol\">#if</span>&gt;列表\n     * \n     * @param <span class=\"hljs-string\">${</span>objectName} &lt;<span class=\"hljs-symbol\">#if</span> comment??&gt;<span class=\"hljs-string\">${</span>comment}&lt;/<span class=\"hljs-symbol\">#if</span>&gt;实体\n     * @return &lt;<span class=\"hljs-symbol\">#if</span> comment??&gt;<span class=\"hljs-string\">${</span>comment}&lt;/<span class=\"hljs-symbol\">#if</span>&gt;集合\n     */\n    <span class=\"hljs-type\">List</span>&lt;<span class=\"hljs-string\">${</span>className}&gt; select<span class=\"hljs-string\">${</span>className}<span class=\"hljs-type\">List</span>(<span class=\"hljs-string\">${</span>className} <span class=\"hljs-string\">${</span>objectName});\n\n    /**\n     * 新增&lt;<span class=\"hljs-symbol\">#if</span> comment??&gt;<span class=\"hljs-string\">${</span>comment}&lt;/<span class=\"hljs-symbol\">#if</span>&gt;\n     * \n     * @param <span class=\"hljs-string\">${</span>objectName} &lt;<span class=\"hljs-symbol\">#if</span> comment??&gt;<span class=\"hljs-string\">${</span>comment}&lt;/<span class=\"hljs-symbol\">#if</span>&gt;实体\n     * @return 结果\n     */\n    <span class=\"hljs-type\">Boolean</span> insert<span class=\"hljs-string\">${</span>className}(<span class=\"hljs-string\">${</span>className} <span class=\"hljs-string\">${</span>objectName});\n\n    /**\n     * 修改&lt;<span class=\"hljs-symbol\">#if</span> comment??&gt;<span class=\"hljs-string\">${</span>comment}&lt;/<span class=\"hljs-symbol\">#if</span>&gt;\n     * \n     * @param <span class=\"hljs-string\">${</span>objectName} &lt;<span class=\"hljs-symbol\">#if</span> comment??&gt;<span class=\"hljs-string\">${</span>comment}&lt;/<span class=\"hljs-symbol\">#if</span>&gt;实体\n     * @return 结果\n     */\n    <span class=\"hljs-type\">Boolean</span> update<span class=\"hljs-string\">${</span>className}(<span class=\"hljs-string\">${</span>className} <span class=\"hljs-string\">${</span>objectName});\n\n    /**\n     * 批量删除&lt;<span class=\"hljs-symbol\">#if</span> comment??&gt;<span class=\"hljs-string\">${</span>comment}&lt;/<span class=\"hljs-symbol\">#if</span>&gt;\n     * \n     * @param ids 需要删除的数据<span class=\"hljs-type\">ID</span>\n     * @return 结果\n     */\n    <span class=\"hljs-type\">Boolean</span> delete<span class=\"hljs-string\">${</span>className}<span class=\"hljs-type\">ByIds</span>(<span class=\"hljs-type\">String</span> ids);\n\n}\n</pre>',
        'java', 0, 1, now()),
       (9, 2, 'ServiceImpl',
        '<pre class=\"ql-syntax\" spellcheck=\"false\">package <span class=\"hljs-string\">${</span>packageName}&lt;<span class=\"hljs-symbol\">#if</span> moduleName??&gt;.<span class=\"hljs-string\">${</span>moduleName}&lt;/<span class=\"hljs-symbol\">#if</span>&gt;.service.impl;\n\nimport cn.hutool.core.convert.<span class=\"hljs-type\">Convert</span>;\nimport cn.hutool.core.util.<span class=\"hljs-type\">ObjectUtil</span>;\nimport com.baomidou.mybatisplus.core.conditions.query.<span class=\"hljs-type\">LambdaQueryWrapper</span>;\nimport com.baomidou.mybatisplus.core.toolkit.<span class=\"hljs-type\">Wrappers</span>;\nimport com.baomidou.mybatisplus.extension.service.impl.<span class=\"hljs-type\">ServiceImpl</span>;\nimport <span class=\"hljs-string\">${</span>packageName}&lt;<span class=\"hljs-symbol\">#if</span> moduleName??&gt;.<span class=\"hljs-string\">${</span>moduleName}&lt;/<span class=\"hljs-symbol\">#if</span>&gt;.common.page.<span class=\"hljs-type\">PageFactory</span>;\nimport <span class=\"hljs-string\">${</span>packageName}&lt;<span class=\"hljs-symbol\">#if</span> moduleName??&gt;.<span class=\"hljs-string\">${</span>moduleName}&lt;/<span class=\"hljs-symbol\">#if</span>&gt;.common.page.<span class=\"hljs-type\">PageResult</span>;\nimport <span class=\"hljs-string\">${</span>packageName}&lt;<span class=\"hljs-symbol\">#if</span> moduleName??&gt;.<span class=\"hljs-string\">${</span>moduleName}&lt;/<span class=\"hljs-symbol\">#if</span>&gt;.entity.<span class=\"hljs-string\">${</span>className};\nimport <span class=\"hljs-string\">${</span>packageName}&lt;<span class=\"hljs-symbol\">#if</span> moduleName??&gt;.<span class=\"hljs-string\">${</span>moduleName}&lt;/<span class=\"hljs-symbol\">#if</span>&gt;.mapper.<span class=\"hljs-string\">${</span>className}<span class=\"hljs-type\">Mapper</span>;\nimport <span class=\"hljs-string\">${</span>packageName}&lt;<span class=\"hljs-symbol\">#if</span> moduleName??&gt;.<span class=\"hljs-string\">${</span>moduleName}&lt;/<span class=\"hljs-symbol\">#if</span>&gt;.service.<span class=\"hljs-string\">${</span>className}<span class=\"hljs-type\">Service</span>;\nimport org.springframework.stereotype.<span class=\"hljs-type\">Service</span>;\n\nimport java.time.<span class=\"hljs-type\">LocalDateTime</span>;\nimport java.util.<span class=\"hljs-type\">Arrays</span>;\nimport java.util.<span class=\"hljs-type\">List</span>;\n\n/**\n * &lt;<span class=\"hljs-symbol\">#if</span> comment??&gt;<span class=\"hljs-string\">${</span>comment}&lt;/<span class=\"hljs-symbol\">#if</span>&gt;业务实现层\n *\n * @author <span class=\"hljs-string\">${</span>author}\n * @version <span class=\"hljs-number\">1.0</span>\n * @date <span class=\"hljs-string\">${</span>datetime}\n */\n@<span class=\"hljs-type\">Service</span>\npublic class <span class=\"hljs-string\">${</span>className}<span class=\"hljs-type\">ServiceImpl</span> extends <span class=\"hljs-type\">ServiceImpl</span>&lt;<span class=\"hljs-string\">${</span>className}<span class=\"hljs-type\">Mapper</span>, <span class=\"hljs-string\">${</span>className}&gt; implements <span class=\"hljs-string\">${</span>className}<span class=\"hljs-type\">Service</span> {\n\n    /**\n     * 分页查询&lt;<span class=\"hljs-symbol\">#if</span> comment??&gt;<span class=\"hljs-string\">${</span>comment}&lt;/<span class=\"hljs-symbol\">#if</span>&gt;\n     *\n     * @param <span class=\"hljs-string\">${</span>objectName} &lt;<span class=\"hljs-symbol\">#if</span> comment??&gt;<span class=\"hljs-string\">${</span>comment}&lt;/<span class=\"hljs-symbol\">#if</span>&gt;实体\n     * @return &lt;<span class=\"hljs-symbol\">#if</span> comment??&gt;<span class=\"hljs-string\">${</span>comment}&lt;/<span class=\"hljs-symbol\">#if</span>&gt;集合\n     */\n    @<span class=\"hljs-type\">Override</span>\n    public <span class=\"hljs-type\">PageResult</span>&lt;<span class=\"hljs-string\">${</span>className}&gt; pageList(<span class=\"hljs-string\">${</span>className} <span class=\"hljs-string\">${</span>objectName}) {\n        <span class=\"hljs-type\">LambdaQueryWrapper</span>&lt;<span class=\"hljs-string\">${</span>className}&gt; queryWrapper = <span class=\"hljs-type\">Wrappers</span>.lambdaQuery();\n        if (<span class=\"hljs-type\">ObjectUtil</span>.isNotNull(<span class=\"hljs-string\">${</span>objectName})) {\n&lt;<span class=\"hljs-symbol\">#list</span> tableColumns as column&gt;\n    &lt;<span class=\"hljs-symbol\">#if</span> column.isQuery &amp;&amp; column.javaType != <span class=\"hljs-string\">\'LocalDateTime\'</span>&gt;\n            if (<span class=\"hljs-type\">ObjectUtil</span>.isNotEmpty(<span class=\"hljs-string\">${</span>objectName}.get<span class=\"hljs-string\">${</span>column.javaField?cap_first}())){\n                queryWrapper.<span class=\"hljs-string\">${</span>column.queryType}(<span class=\"hljs-string\">${</span>className}::get<span class=\"hljs-string\">${</span>column.javaField}, <span class=\"hljs-string\">${</span>objectName}.get<span class=\"hljs-string\">${</span>column.javaField}());\n            }\n    &lt;/<span class=\"hljs-symbol\">#if</span>&gt;\n&lt;/<span class=\"hljs-symbol\">#list</span>&gt;\n        }\n        return new <span class=\"hljs-type\">PageResult</span>&lt;&gt;(this.page(<span class=\"hljs-type\">PageFactory</span>.defaultPage(), queryWrapper));\n    }\n\n    /**\n     * 查询&lt;<span class=\"hljs-symbol\">#if</span> comment??&gt;<span class=\"hljs-string\">${</span>comment}&lt;/<span class=\"hljs-symbol\">#if</span>&gt;列表\n     *\n     * @param <span class=\"hljs-string\">${</span>objectName} &lt;<span class=\"hljs-symbol\">#if</span> comment??&gt;<span class=\"hljs-string\">${</span>comment}&lt;/<span class=\"hljs-symbol\">#if</span>&gt;实体\n     * @return &lt;<span class=\"hljs-symbol\">#if</span> comment??&gt;<span class=\"hljs-string\">${</span>comment}&lt;/<span class=\"hljs-symbol\">#if</span>&gt;集合\n     */\n    @<span class=\"hljs-type\">Override</span>\n    public <span class=\"hljs-type\">List</span>&lt;<span class=\"hljs-string\">${</span>className}&gt; select<span class=\"hljs-string\">${</span>className}<span class=\"hljs-type\">List</span>(<span class=\"hljs-string\">${</span>className} <span class=\"hljs-string\">${</span>objectName}) {\n        <span class=\"hljs-type\">LambdaQueryWrapper</span>&lt;<span class=\"hljs-string\">${</span>className}&gt; queryWrapper = <span class=\"hljs-type\">Wrappers</span>.lambdaQuery();\n        return this.list(queryWrapper);\n    }\n\n    /**\n     * 新增&lt;<span class=\"hljs-symbol\">#if</span> comment??&gt;<span class=\"hljs-string\">${</span>comment}&lt;/<span class=\"hljs-symbol\">#if</span>&gt;\n     *\n     * @param <span class=\"hljs-string\">${</span>objectName} &lt;<span class=\"hljs-symbol\">#if</span> comment??&gt;<span class=\"hljs-string\">${</span>comment}&lt;/<span class=\"hljs-symbol\">#if</span>&gt;实体\n     * @return 结果\n     */\n    @<span class=\"hljs-type\">Override</span>\n    public <span class=\"hljs-type\">Boolean</span> insert<span class=\"hljs-string\">${</span>className}(<span class=\"hljs-string\">${</span>className} <span class=\"hljs-string\">${</span>objectName}) {\n&lt;<span class=\"hljs-symbol\">#list</span> tableColumns as column&gt;\n    &lt;<span class=\"hljs-symbol\">#if</span> column.javaType == <span class=\"hljs-string\">\'LocalDateTime\'</span> &amp;&amp; <span class=\"hljs-comment\">\"createDateTime,createDate,createTime\"</span>?contains(column.javaField)&gt;\n        <span class=\"hljs-string\">${</span>objectName}.set<span class=\"hljs-string\">${</span>column.javaField?cap_first}(<span class=\"hljs-type\">LocalDateTime</span>.now());\n    &lt;/<span class=\"hljs-symbol\">#if</span>&gt;\n&lt;/<span class=\"hljs-symbol\">#list</span>&gt;\n        return this.save(<span class=\"hljs-string\">${</span>objectName});\n    }\n\n    /**\n     * 修改&lt;<span class=\"hljs-symbol\">#if</span> comment??&gt;<span class=\"hljs-string\">${</span>comment}&lt;/<span class=\"hljs-symbol\">#if</span>&gt;\n     *\n     * @param <span class=\"hljs-string\">${</span>objectName} &lt;<span class=\"hljs-symbol\">#if</span> comment??&gt;<span class=\"hljs-string\">${</span>comment}&lt;/<span class=\"hljs-symbol\">#if</span>&gt;实体\n     * @return 结果\n     */\n    @<span class=\"hljs-type\">Override</span>\n    public <span class=\"hljs-type\">Boolean</span> update<span class=\"hljs-string\">${</span>className}(<span class=\"hljs-string\">${</span>className} <span class=\"hljs-string\">${</span>objectName}) {\n&lt;<span class=\"hljs-symbol\">#list</span> tableColumns as column&gt;\n    &lt;<span class=\"hljs-symbol\">#if</span> column.javaType == <span class=\"hljs-string\">\'LocalDateTime\'</span> &amp;&amp; <span class=\"hljs-comment\">\"updateDateTime,updateDate,updateTime\"</span>?contains(column.javaField)&gt;\n        <span class=\"hljs-string\">${</span>objectName}.set<span class=\"hljs-string\">${</span>column.javaField?cap_first}(<span class=\"hljs-type\">LocalDateTime</span>.now());\n    &lt;/<span class=\"hljs-symbol\">#if</span>&gt;\n&lt;/<span class=\"hljs-symbol\">#list</span>&gt;\n        return this.updateById(<span class=\"hljs-string\">${</span>objectName});\n    }\n\n    /**\n     * 批量删除&lt;<span class=\"hljs-symbol\">#if</span> comment??&gt;<span class=\"hljs-string\">${</span>comment}&lt;/<span class=\"hljs-symbol\">#if</span>&gt;\n     *\n     * @param ids 需要删除的数据<span class=\"hljs-type\">ID</span>\n     * @return 结果\n     */\n    @<span class=\"hljs-type\">Override</span>\n    public <span class=\"hljs-type\">Boolean</span> delete<span class=\"hljs-string\">${</span>className}<span class=\"hljs-type\">ByIds</span>(<span class=\"hljs-type\">String</span> ids) {\n        return this.removeByIds(<span class=\"hljs-type\">Arrays</span>.asList(<span class=\"hljs-type\">Convert</span>.toStrArray(ids)));\n    }\n\n}\n</pre>',
        'java', 0, 1, now()),
       (10, 2, 'Mapper',
        '<pre class=\"ql-syntax\" spellcheck=\"false\">package <span class=\"hljs-string\">${</span>packageName}&lt;<span class=\"hljs-symbol\">#if</span> moduleName??&gt;.<span class=\"hljs-string\">${</span>moduleName}&lt;/<span class=\"hljs-symbol\">#if</span>&gt;.mapper;\n\nimport com.baomidou.mybatisplus.core.mapper.<span class=\"hljs-type\">BaseMapper</span>;\nimport <span class=\"hljs-string\">${</span>packageName}&lt;<span class=\"hljs-symbol\">#if</span> moduleName??&gt;.<span class=\"hljs-string\">${</span>moduleName}&lt;/<span class=\"hljs-symbol\">#if</span>&gt;.entity.<span class=\"hljs-string\">${</span>className};\nimport org.apache.ibatis.annotations.<span class=\"hljs-type\">Mapper</span>;\n\n/**\n&nbsp;* &lt;<span class=\"hljs-symbol\">#if</span> comment??&gt;<span class=\"hljs-string\">${</span>comment}&lt;/<span class=\"hljs-symbol\">#if</span>&gt;映射层\n&nbsp;*\n&nbsp;* @author <span class=\"hljs-string\">${</span>author}\n&nbsp;* @version <span class=\"hljs-number\">1.0</span>\n&nbsp;* @date <span class=\"hljs-string\">${</span>datetime}\n&nbsp;*/\n@<span class=\"hljs-type\">Mapper</span>\npublic interface <span class=\"hljs-string\">${</span>className}<span class=\"hljs-type\">Mapper</span> extends <span class=\"hljs-type\">BaseMapper</span>&lt;<span class=\"hljs-string\">${</span>className}&gt; {\n\n}\n</pre>',
        'java', 0, 1, now()),
       (11, 2, 'Mapping',
        '<pre class=\"ql-syntax\" spellcheck=\"false\"><span class=\"hljs-meta\">&lt;?xml version=\"1.0\" encoding=\"UTF-8\"?&gt;</span>\n<span class=\"hljs-meta\">&lt;!DOCTYPE mapper\n&nbsp; &nbsp; &nbsp; &nbsp; PUBLIC \"-//mybatis.org//DTD Mapper 3.0//EN\"\n&nbsp; &nbsp; &nbsp; &nbsp; \"http://mybatis.org/dtd/mybatis-3-mapper.dtd\"&gt;</span>\n<span class=\"hljs-tag\">&lt;<span class=\"hljs-name\">mapper</span> <span class=\"hljs-attr\">namespace</span>=<span class=\"hljs-string\">\"$</span></span>{packageName}<span class=\"hljs-tag\"><span class=\"hljs-string\">&lt;#if moduleName??&gt;.$</span></span>{moduleName}<span class=\"hljs-tag\"><span class=\"hljs-string\">&lt;/#if&gt;.mapper.$</span></span>{className}<span class=\"hljs-tag\"><span class=\"hljs-string\">Mapper\"</span>&gt;</span>\n\n<span class=\"hljs-tag\">&lt;/<span class=\"hljs-name\">mapper</span>&gt;</span>\n</pre>',
        'xml', 0, 1, now()),
       (12, 2, 'Entity',
        '<pre class=\"ql-syntax\" spellcheck=\"false\">package <span class=\"hljs-string\">${</span>packageName}&lt;<span class=\"hljs-symbol\">#if</span> moduleName??&gt;.<span class=\"hljs-string\">${</span>moduleName}&lt;/<span class=\"hljs-symbol\">#if</span>&gt;.entity;\n\n&lt;<span class=\"hljs-symbol\">#list</span> importList as import&gt;\nimport <span class=\"hljs-string\">${</span>import};\n&lt;/<span class=\"hljs-symbol\">#list</span>&gt;\nimport lombok.<span class=\"hljs-type\">Data</span>;\n\nimport java.io.<span class=\"hljs-type\">Serializable</span>;\n\n/**\n * &lt;<span class=\"hljs-symbol\">#if</span> comment??&gt;<span class=\"hljs-string\">${</span>comment}&lt;/<span class=\"hljs-symbol\">#if</span>&gt;实体\n * \n * @author <span class=\"hljs-string\">${</span>author}\n * @version <span class=\"hljs-number\">1.0</span>\n * @date <span class=\"hljs-string\">${</span>datetime}\n */\n@<span class=\"hljs-type\">Data</span>\npublic class <span class=\"hljs-string\">${</span>className} implements <span class=\"hljs-type\">Serializable</span> {\n\n    private static final long serialVersionUID = <span class=\"hljs-number\">1</span>L;\n\n&lt;<span class=\"hljs-symbol\">#list</span> tableColumns as column&gt;\n    /**\n     * &lt;<span class=\"hljs-symbol\">#if</span> column.columnComment??&gt;<span class=\"hljs-string\">${</span>column.columnComment}&lt;/<span class=\"hljs-symbol\">#if</span>&gt;\n     */\n    &lt;<span class=\"hljs-symbol\">#if</span> column.javaType == <span class=\"hljs-string\">\'LocalDateTime\'</span>&gt;\n    @<span class=\"hljs-type\">JsonFormat</span>(timezone = <span class=\"hljs-comment\">\"GMT+8\"</span>, pattern = <span class=\"hljs-type\">DatePattern</span>.<span class=\"hljs-type\">NORM_DATETIME_PATTERN</span>)\n    &lt;/<span class=\"hljs-symbol\">#if</span>&gt;\n    private <span class=\"hljs-string\">${</span>column.javaType} <span class=\"hljs-string\">${</span>column.javaField};\n\n&lt;/<span class=\"hljs-symbol\">#list</span>&gt;\n}\n</pre>',
        'java', 0, 1, now()),
       (13, 1, 'Api',
        '<pre class=\"ql-syntax\" spellcheck=\"false\">import request from <span class=\"hljs-string\">\'@/utils/request\'</span>\n\n/**\n* &lt;<span class=\"hljs-comment\">#if comment??&gt;${comment}&lt;/#if&gt;</span>\n*/\nconst api = {\n  <span class=\"hljs-variable\">${objectName}</span>: <span class=\"hljs-string\">\'/${businessName}\'</span>\n}\n\n/**\n* 分页查询&lt;<span class=\"hljs-comment\">#if comment??&gt;${comment}&lt;/#if&gt;</span>\n*/\n<span class=\"hljs-built_in\">export</span> <span class=\"hljs-keyword\">function</span> get<span class=\"hljs-variable\">${className}</span>PageList (parameter) {\n  <span class=\"hljs-built_in\">return</span> request({\n    url: api.<span class=\"hljs-variable\">${objectName}</span> + <span class=\"hljs-string\">\'/pageList\'</span>,\n    method: <span class=\"hljs-string\">\'get\'</span>,\n    params: parameter\n  })\n}\n\n/**\n* 修改/保存&lt;<span class=\"hljs-comment\">#if comment??&gt;${comment}&lt;/#if&gt;</span>\n*/\n<span class=\"hljs-built_in\">export</span> <span class=\"hljs-keyword\">function</span> save<span class=\"hljs-variable\">${className}</span> (parameter) {\n  <span class=\"hljs-built_in\">return</span> request({\n    url: api.<span class=\"hljs-variable\">${objectName}</span> + (parameter.<span class=\"hljs-variable\">${primaryKeyColumn.javaField}</span> &gt; 0 ? <span class=\"hljs-string\">\'/update\'</span> : <span class=\"hljs-string\">\'/save\'</span>),\n    method: <span class=\"hljs-string\">\'post\'</span>,\n    data: parameter,\n    headers: {\n      <span class=\"hljs-string\">\'Content-Type\'</span>: <span class=\"hljs-string\">\'application/json;charset=UTF-8\'</span>\n    }\n  })\n}\n\n/**\n* 批量删除&lt;<span class=\"hljs-comment\">#if comment??&gt;${comment}&lt;/#if&gt;</span>\n*/\n<span class=\"hljs-built_in\">export</span> <span class=\"hljs-keyword\">function</span> del<span class=\"hljs-variable\">${className}</span> (parameter) {\n  <span class=\"hljs-built_in\">return</span> request({\n    url: api.<span class=\"hljs-variable\">${objectName}</span> + <span class=\"hljs-string\">\'/delete\'</span>,\n    method: <span class=\"hljs-string\">\'post\'</span>,\n    params: parameter\n  })\n}\n</pre>',
        'js', 1, 1, now()),
       (14, 1, 'List',
        '<pre class=\"ql-syntax\" spellcheck=\"false\"><span class=\"hljs-tag\">&lt;<span class=\"hljs-name\">template</span>&gt;</span>\n  <span class=\"hljs-tag\">&lt;<span class=\"hljs-name\">a-card</span> <span class=\"hljs-attr\">:bordered</span>=<span class=\"hljs-string\">\"false\"</span>&gt;</span>\n    <span class=\"hljs-tag\">&lt;<span class=\"hljs-name\">div</span> <span class=\"hljs-attr\">class</span>=<span class=\"hljs-string\">\"table-page-search-wrapper\"</span>&gt;</span>\n      <span class=\"hljs-tag\">&lt;<span class=\"hljs-name\">a-form</span> <span class=\"hljs-attr\">layout</span>=<span class=\"hljs-string\">\"inline\"</span>&gt;</span>\n        <span class=\"hljs-tag\">&lt;<span class=\"hljs-name\">a-row</span> <span class=\"hljs-attr\">:gutter</span>=<span class=\"hljs-string\">\"48\"</span>&gt;</span>\n&lt;#list tableColumns as column&gt;\n&lt;#assign columnComment&gt;&lt;#if column.columnComment??&gt;${column.columnComment}&lt;#else&gt;${column_index}&lt;/#if&gt;&lt;/#assign&gt;\n&lt;#if column.isQuery &amp;&amp; column.htmlType == \"input\"&gt;\n          <span class=\"hljs-tag\">&lt;<span class=\"hljs-name\">a-col</span> <span class=\"hljs-attr\">:md</span>=<span class=\"hljs-string\">\"5\"</span> <span class=\"hljs-attr\">:sm</span>=<span class=\"hljs-string\">\"15\"</span>&gt;</span>\n            <span class=\"hljs-tag\">&lt;<span class=\"hljs-name\">a-form-item</span> <span class=\"hljs-attr\">label</span>=<span class=\"hljs-string\">\"$</span></span>{columnComment}<span class=\"hljs-tag\"><span class=\"hljs-string\">\"</span>&gt;</span>\n              <span class=\"hljs-tag\">&lt;<span class=\"hljs-name\">a-input</span> <span class=\"hljs-attr\">allow-clear</span> <span class=\"hljs-attr\">placeholder</span>=<span class=\"hljs-string\">\"请输入$</span></span>{columnComment}<span class=\"hljs-tag\"><span class=\"hljs-string\">\"</span> <span class=\"hljs-attr\">v-model</span>=<span class=\"hljs-string\">\"queryParam.$</span></span>{column.javaField}<span class=\"hljs-tag\"><span class=\"hljs-string\">\"</span>/&gt;</span>\n            <span class=\"hljs-tag\">&lt;/<span class=\"hljs-name\">a-form-item</span>&gt;</span>\n          <span class=\"hljs-tag\">&lt;/<span class=\"hljs-name\">a-col</span>&gt;</span>\n&lt;#elseif column.htmlType == \"dropdown\"&gt;\n          <span class=\"hljs-tag\">&lt;<span class=\"hljs-name\">a-col</span> <span class=\"hljs-attr\">:md</span>=<span class=\"hljs-string\">\"5\"</span> <span class=\"hljs-attr\">:sm</span>=<span class=\"hljs-string\">\"15\"</span>&gt;</span>\n            <span class=\"hljs-tag\">&lt;<span class=\"hljs-name\">a-form-item</span> <span class=\"hljs-attr\">label</span>=<span class=\"hljs-string\">\"$</span></span>{columnComment}<span class=\"hljs-tag\"><span class=\"hljs-string\">\"</span>&gt;</span>\n              <span class=\"hljs-tag\">&lt;<span class=\"hljs-name\">a-select</span> <span class=\"hljs-attr\">allow-clear</span> <span class=\"hljs-attr\">v-model</span>=<span class=\"hljs-string\">\"queryParam.$</span></span>{column.javaField}<span class=\"hljs-tag\"><span class=\"hljs-string\">\"</span> <span class=\"hljs-attr\">allow-clear</span> <span class=\"hljs-attr\">placeholder</span>=<span class=\"hljs-string\">\"请选择$</span></span>{columnComment}<span class=\"hljs-tag\"><span class=\"hljs-string\">\"</span>&gt;</span>\n                <span class=\"hljs-tag\">&lt;<span class=\"hljs-name\">a-select-option</span> <span class=\"hljs-attr\">v-for</span>=<span class=\"hljs-string\">\"(item,index) in $</span></span>{column.javaField}<span class=\"hljs-tag\"><span class=\"hljs-string\">DictTypeDropDown\"</span> <span class=\"hljs-attr\">:key</span>=<span class=\"hljs-string\">\"index\"</span> <span class=\"hljs-attr\">:value</span>=<span class=\"hljs-string\">\"item.key\"</span> &gt;</span>\n                  {{ item.name }}\n                <span class=\"hljs-tag\">&lt;/<span class=\"hljs-name\">a-select-option</span>&gt;</span>\n              <span class=\"hljs-tag\">&lt;/<span class=\"hljs-name\">a-select</span>&gt;</span>\n            <span class=\"hljs-tag\">&lt;/<span class=\"hljs-name\">a-form-item</span>&gt;</span>\n          <span class=\"hljs-tag\">&lt;/<span class=\"hljs-name\">a-col</span>&gt;</span>\n&lt;#else&gt;\n&lt;/#if&gt;\n&lt;/#list&gt;\n          <span class=\"hljs-tag\">&lt;<span class=\"hljs-name\">a-col</span> <span class=\"hljs-attr\">:md</span>=<span class=\"hljs-string\">\"5\"</span> <span class=\"hljs-attr\">:sm</span>=<span class=\"hljs-string\">\"15\"</span>&gt;</span>\n            <span class=\"hljs-tag\">&lt;<span class=\"hljs-name\">span</span> <span class=\"hljs-attr\">class</span>=<span class=\"hljs-string\">\"table-page-search-submitButtons\"</span>&gt;</span>\n              <span class=\"hljs-tag\">&lt;<span class=\"hljs-name\">a-button</span> <span class=\"hljs-attr\">type</span>=<span class=\"hljs-string\">\"primary\"</span> @<span class=\"hljs-attr\">click</span>=<span class=\"hljs-string\">\"$refs.table.refresh(true)\"</span>&gt;</span>查询<span class=\"hljs-tag\">&lt;/<span class=\"hljs-name\">a-button</span>&gt;</span>\n              <span class=\"hljs-tag\">&lt;<span class=\"hljs-name\">a-button</span> <span class=\"hljs-attr\">style</span>=<span class=\"hljs-string\">\"margin-left: 8px\"</span> @<span class=\"hljs-attr\">click</span>=<span class=\"hljs-string\">\"() =&gt; queryParam = </span></span>{}<span class=\"hljs-tag\"><span class=\"hljs-string\">\"</span>&gt;</span>重置<span class=\"hljs-tag\">&lt;/<span class=\"hljs-name\">a-button</span>&gt;</span>\n              <span class=\"hljs-tag\">&lt;<span class=\"hljs-name\">a</span> @<span class=\"hljs-attr\">click</span>=<span class=\"hljs-string\">\"toggleAdvanced\"</span> <span class=\"hljs-attr\">style</span>=<span class=\"hljs-string\">\"margin-left: 8px\"</span>&gt;</span>\n                {{ advanced ? \'收起\' : \'展开\' }}\n              <span class=\"hljs-tag\">&lt;<span class=\"hljs-name\">a-icon</span> <span class=\"hljs-attr\">:type</span>=<span class=\"hljs-string\">\"advanced ? \'up\' : \'down\'\"</span>/&gt;</span>\n              <span class=\"hljs-tag\">&lt;/<span class=\"hljs-name\">a</span>&gt;</span>\n            <span class=\"hljs-tag\">&lt;/<span class=\"hljs-name\">span</span>&gt;</span>\n          <span class=\"hljs-tag\">&lt;/<span class=\"hljs-name\">a-col</span>&gt;</span>\n        <span class=\"hljs-tag\">&lt;/<span class=\"hljs-name\">a-row</span>&gt;</span>\n      <span class=\"hljs-tag\">&lt;/<span class=\"hljs-name\">a-form</span>&gt;</span>\n    <span class=\"hljs-tag\">&lt;/<span class=\"hljs-name\">div</span>&gt;</span>\n\n    <span class=\"hljs-tag\">&lt;<span class=\"hljs-name\">a-space</span> <span class=\"hljs-attr\">align</span>=<span class=\"hljs-string\">\"center\"</span> <span class=\"hljs-attr\">style</span>=<span class=\"hljs-string\">\"margin-bottom: 16px\"</span>&gt;</span>\n      <span class=\"hljs-tag\">&lt;<span class=\"hljs-name\">a-button</span> <span class=\"hljs-attr\">type</span>=<span class=\"hljs-string\">\"primary\"</span> <span class=\"hljs-attr\">icon</span>=<span class=\"hljs-string\">\"plus\"</span> @<span class=\"hljs-attr\">click</span>=<span class=\"hljs-string\">\"handleAdd\"</span>&gt;</span>新增<span class=\"hljs-tag\">&lt;/<span class=\"hljs-name\">a-button</span>&gt;</span>\n      <span class=\"hljs-tag\">&lt;<span class=\"hljs-name\">a-dropdown</span> <span class=\"hljs-attr\">v-if</span>=<span class=\"hljs-string\">\"selectedRowKeys.length &gt; 0\"</span>&gt;</span>\n        <span class=\"hljs-tag\">&lt;<span class=\"hljs-name\">a-popconfirm</span> <span class=\"hljs-attr\">placement</span>=<span class=\"hljs-string\">\"topRight\"</span> <span class=\"hljs-attr\">title</span>=<span class=\"hljs-string\">\"确认删除？\"</span> @<span class=\"hljs-attr\">confirm</span>=<span class=\"hljs-string\">\"() =&gt; delByIds(selectedRowKeys)\"</span>&gt;</span>\n          <span class=\"hljs-tag\">&lt;<span class=\"hljs-name\">a-button</span> <span class=\"hljs-attr\">type</span>=<span class=\"hljs-string\">\"primary\"</span> <span class=\"hljs-attr\">icon</span>=<span class=\"hljs-string\">\"close\"</span>&gt;</span>删除<span class=\"hljs-tag\">&lt;/<span class=\"hljs-name\">a-button</span>&gt;</span>\n        <span class=\"hljs-tag\">&lt;/<span class=\"hljs-name\">a-popconfirm</span>&gt;</span>\n      <span class=\"hljs-tag\">&lt;/<span class=\"hljs-name\">a-dropdown</span>&gt;</span>\n    <span class=\"hljs-tag\">&lt;/<span class=\"hljs-name\">a-space</span>&gt;</span>\n\n    <span class=\"hljs-tag\">&lt;<span class=\"hljs-name\">s-table</span>\n      <span class=\"hljs-attr\">size</span>=<span class=\"hljs-string\">\"default\"</span>\n      <span class=\"hljs-attr\">ref</span>=<span class=\"hljs-string\">\"table\"</span>\n      <span class=\"hljs-attr\">rowKey</span>=<span class=\"hljs-string\">\"$</span></span>{primaryKeyColumn.javaField}<span class=\"hljs-tag\"><span class=\"hljs-string\">\"</span>\n      <span class=\"hljs-attr\">:rowSelection</span>=<span class=\"hljs-string\">\"</span></span>{selectedRowKeys: selectedRowKeys, onChange: onSelectChange}<span class=\"hljs-tag\"><span class=\"hljs-string\">\"</span>\n      <span class=\"hljs-attr\">:columns</span>=<span class=\"hljs-string\">\"columns\"</span>\n      <span class=\"hljs-attr\">:data</span>=<span class=\"hljs-string\">\"loadData\"</span>\n      <span class=\"hljs-attr\">:rangPicker</span>=<span class=\"hljs-string\">\"range\"</span>\n    &gt;</span>\n&lt;#list tableColumns as column&gt;\n&lt;#if column.htmlType == \"dropdown\"&gt;\n      <span class=\"hljs-tag\">&lt;<span class=\"hljs-name\">span</span> <span class=\"hljs-attr\">slot</span>=<span class=\"hljs-string\">\"$</span></span>{column.javaField}<span class=\"hljs-tag\"><span class=\"hljs-string\">\"</span> <span class=\"hljs-attr\">slot-scope</span>=<span class=\"hljs-string\">\"text\"</span>&gt;</span>\n        {{ ${column.javaField}Filter(text) }}\n      <span class=\"hljs-tag\">&lt;/<span class=\"hljs-name\">span</span>&gt;</span>\n&lt;/#if&gt;\n&lt;/#list&gt;\n      <span class=\"hljs-tag\">&lt;<span class=\"hljs-name\">span</span> <span class=\"hljs-attr\">slot</span>=<span class=\"hljs-string\">\"action\"</span> <span class=\"hljs-attr\">slot-scope</span>=<span class=\"hljs-string\">\"text, record\"</span>&gt;</span>\n        <span class=\"hljs-tag\">&lt;<span class=\"hljs-name\">a</span> @<span class=\"hljs-attr\">click</span>=<span class=\"hljs-string\">\"handleEdit(record)\"</span>&gt;</span>编辑<span class=\"hljs-tag\">&lt;/<span class=\"hljs-name\">a</span>&gt;</span>\n        <span class=\"hljs-tag\">&lt;<span class=\"hljs-name\">a-divider</span> <span class=\"hljs-attr\">type</span>=<span class=\"hljs-string\">\"vertical\"</span>/&gt;</span>\n        <span class=\"hljs-tag\">&lt;<span class=\"hljs-name\">a-popconfirm</span> <span class=\"hljs-attr\">placement</span>=<span class=\"hljs-string\">\"topRight\"</span> <span class=\"hljs-attr\">title</span>=<span class=\"hljs-string\">\"确认删除？\"</span> @<span class=\"hljs-attr\">confirm</span>=<span class=\"hljs-string\">\"() =&gt; delByIds([record.$</span></span>{primaryKeyColumn.javaField}<span class=\"hljs-tag\"><span class=\"hljs-string\">])\"</span>&gt;</span>\n          <span class=\"hljs-tag\">&lt;<span class=\"hljs-name\">a</span>&gt;</span>删除<span class=\"hljs-tag\">&lt;/<span class=\"hljs-name\">a</span>&gt;</span>\n        <span class=\"hljs-tag\">&lt;/<span class=\"hljs-name\">a-popconfirm</span>&gt;</span>\n      <span class=\"hljs-tag\">&lt;/<span class=\"hljs-name\">span</span>&gt;</span>\n    <span class=\"hljs-tag\">&lt;/<span class=\"hljs-name\">s-table</span>&gt;</span>\n    &lt;${objectName}-modal ref=\"${businessName}\" @ok=\"handleOk\"/&gt;\n  <span class=\"hljs-tag\">&lt;/<span class=\"hljs-name\">a-card</span>&gt;</span>\n<span class=\"hljs-tag\">&lt;/<span class=\"hljs-name\">template</span>&gt;</span>\n\n<span class=\"hljs-tag\">&lt;<span class=\"hljs-name\">script</span>&gt;</span>\n<span class=\"hljs-keyword\">import</span> { STable } <span class=\"hljs-keyword\">from</span> <span class=\"hljs-string\">\'@/components\'</span>\n<span class=\"hljs-keyword\">import</span> { del${className}, get${className}PageList } <span class=\"hljs-keyword\">from</span> <span class=\"hljs-string\">\'@/api&lt;#if moduleName??&gt;/$</span>{moduleName}&lt;<span class=\"hljs-regexp\">/#if&gt;/</span>${businessName}/${objectName}\'\nimport ${className}Modal <span class=\"hljs-keyword\">from</span> <span class=\"hljs-string\">\'./modal/$</span>{className}Modal\'\n&lt;#list tableColumns as column&gt;\n&lt;#if column.htmlType == \"dropdown\"&gt;\nimport { sysDictTypeDropDown } <span class=\"hljs-keyword\">from</span> <span class=\"hljs-string\">\'@/api/system/dict/sysDictType\'</span>\n&lt;#<span class=\"hljs-keyword\">break</span>&gt;\n&lt;/#<span class=\"hljs-keyword\">if</span>&gt;\n&lt;/#list&gt;\n\n<span class=\"hljs-keyword\">export</span> <span class=\"hljs-keyword\">default</span> {\n  name: \'${className}List\',\n  components: {\n    STable,\n    ${className}Modal\n  },\n  data () {\n    return {\n      labelCol: {\n        xs: { span: 24 },\n        sm: { span: 5 }\n      },\n      wrapperCol: {\n        xs: { span: 24 },\n        sm: { span: 16 }\n      },\n      <span class=\"hljs-attr\">form</span>: <span class=\"hljs-built_in\">this</span>.$form.createForm(<span class=\"hljs-built_in\">this</span>),\n      <span class=\"hljs-attr\">mdl</span>: {},\n      <span class=\"hljs-comment\">// 高级搜索 展开/关闭</span>\n      <span class=\"hljs-attr\">advanced</span>: <span class=\"hljs-literal\">false</span>,\n      <span class=\"hljs-comment\">// 查询参数</span>\n      <span class=\"hljs-attr\">queryParam</span>: {},\n      <span class=\"hljs-comment\">// 表头</span>\n      <span class=\"hljs-attr\">columns</span>: [\n&lt;#list tableColumns <span class=\"hljs-keyword\">as</span> column&gt;\n&lt;#assign javaField = <span class=\"hljs-string\">\'$</span>{column.javaField}\'&gt;\n&lt;#assign columnComment&gt;&lt;#if column.columnComment??&gt;${column.columnComment}&lt;#<span class=\"hljs-keyword\">else</span>&gt;${column_index}&lt;<span class=\"hljs-regexp\">/#if&gt;&lt;/</span>#assign&gt;\n&lt;#<span class=\"hljs-keyword\">if</span> column.isList == <span class=\"hljs-literal\">true</span>&gt;\n&lt;#<span class=\"hljs-keyword\">if</span> column.htmlType == <span class=\"hljs-string\">\'datetime\'</span>&gt;\n        {\n          title: \'${columnComment}\',\n          dataIndex: \'${javaField}\',\n          scopedSlots: { customRender: \'${javaField}\' },\n          sorter: true,\n          align: \'center\'\n        },\n&lt;#else&gt;\n        {\n          title: \'${columnComment}\',\n          dataIndex: \'${javaField}\',\n          scopedSlots: { customRender: \'${javaField}\' },\n          align: \'center\'\n        },\n&lt;/#if&gt;\n&lt;/#if&gt;\n&lt;/#list&gt;\n        {\n          title: \'操作\',\n          width: \'240px\',\n          dataIndex: \'action\',\n          align: \'center\',\n          scopedSlots: { customRender: \'action\' }\n        }\n      ],\n      <span class=\"hljs-attr\">range</span>: <span class=\"hljs-literal\">null</span>,\n      <span class=\"hljs-comment\">// 加载数据方法 必须为 Promise 对象</span>\n      <span class=\"hljs-attr\">loadData</span>: <span class=\"hljs-function\"><span class=\"hljs-params\">parameter</span> =&gt;</span> {\n        return get${className}PageList(<span class=\"hljs-built_in\">Object</span>.assign(parameter, <span class=\"hljs-built_in\">this</span>.queryParam)).then(<span class=\"hljs-function\">(<span class=\"hljs-params\">res</span>) =&gt;</span> {\n          return res.data\n        })\n      },\n&lt;#list tableColumns <span class=\"hljs-keyword\">as</span> column&gt;\n&lt;#<span class=\"hljs-keyword\">if</span> column.htmlType == <span class=\"hljs-string\">\"dropdown\"</span>&gt;\n      ${column.javaField}DictTypeDropDown: [],\n&lt;/#if&gt;\n&lt;/#list&gt;\n      selectedRowKeys: [],\n      selectedRows: []\n    }\n  },\n  filters: {\n  },\n  created () {\n    this.sysDictTypeDropDown()\n  },\n  methods: {\n    // 处理多选\n    onSelectChange (selectedRowKeys, selectedRows) {\n      this.selectedRowKeys = selectedRowKeys\n      this.selectedRows = selectedRows\n    },\n    <span class=\"hljs-comment\">// 提交完成后刷新</span>\n    handleOk () {\n      this.$refs.table.refresh(true)\n    },\n    <span class=\"hljs-comment\">// 加载字典</span>\n    sysDictTypeDropDown () {\n&lt;#list tableColumns as column&gt;\n&lt;#<span class=\"hljs-keyword\">if</span> column.htmlType == \"dropdown\"&gt;\n      sysDictTypeDropDown({ code: \'${column.javaField}\' }).then((res) =&gt; {\n        this.${column.javaField}DictTypeDropDown = res.data\n      })\n&lt;/#<span class=\"hljs-keyword\">if</span>&gt;\n&lt;/#list&gt;\n    },\n&lt;#list tableColumns <span class=\"hljs-keyword\">as</span> column&gt;\n&lt;#<span class=\"hljs-keyword\">if</span> column.htmlType == <span class=\"hljs-string\">\"dropdown\"</span>&gt;\n    <span class=\"hljs-comment\">// 匹配字典</span>\n    ${column.javaField}Filter (${column.javaField}) {\n      // eslint-disable-next-line eqeqeq\n      const values = this.${column.javaField}DictTypeDropDown.filter(<span class=\"hljs-function\"><span class=\"hljs-params\">item</span> =&gt;</span> item.key == ${column.javaField})\n      if (values.length &gt; 0) {\n        return values[0].name\n      }\n    },\n&lt;/#<span class=\"hljs-keyword\">if</span>&gt;\n&lt;/#list&gt;\n    <span class=\"hljs-comment\">// 添加</span>\n    handleAdd () {\n      this.$refs.${businessName}.add()\n    },\n    <span class=\"hljs-comment\">// 修改</span>\n    handleEdit (record) {\n      this.$refs.${businessName}.edit(record)\n    },\n    <span class=\"hljs-comment\">// 批量删除</span>\n    delByIds (ids) {\n      del${className}({ ids: ids.join(\',\') }).then(<span class=\"hljs-function\"><span class=\"hljs-params\">res</span> =&gt;</span> {\n        <span class=\"hljs-keyword\">if</span> (res.code === 200) {\n          this.$message.success(\'删除成功\')\n          this.handleOk()\n        } <span class=\"hljs-keyword\">else</span> {\n          this.$message.error(res.message)\n        }\n        <span class=\"hljs-built_in\">this</span>.selectedRowKeys = []\n      })\n    },\n    <span class=\"hljs-comment\">// 提供更多查询条件选项</span>\n    toggleAdvanced () {\n      this.advanced = !this.advanced\n    }\n  }\n}\n<span class=\"hljs-tag\">&lt;/<span class=\"hljs-name\">script</span>&gt;</span>\n</pre>',
        'vue', 1, 1, now()),
       (15, 1, 'Modal',
        '<pre class=\"ql-syntax\" spellcheck=\"false\">&lt;#assign primaryKeyColumn = \'${primaryKeyColumn.javaField}\'&gt;\n<span class=\"hljs-tag\">&lt;<span class=\"hljs-name\">template</span>&gt;</span>\n  <span class=\"hljs-tag\">&lt;<span class=\"hljs-name\">a-modal</span>\n    <span class=\"hljs-attr\">:title</span>=<span class=\"hljs-string\">\"title\"</span>\n    <span class=\"hljs-attr\">style</span>=<span class=\"hljs-string\">\"top: 20px;\"</span>\n    <span class=\"hljs-attr\">width</span>=<span class=\"hljs-string\">\"40%\"</span>\n    <span class=\"hljs-attr\">v-model</span>=<span class=\"hljs-string\">\"visible\"</span>\n    <span class=\"hljs-attr\">:confirmLoading</span>=<span class=\"hljs-string\">\"confirmLoading\"</span>\n    @<span class=\"hljs-attr\">ok</span>=<span class=\"hljs-string\">\"handleSubmit\"</span>\n  &gt;</span>\n    <span class=\"hljs-tag\">&lt;<span class=\"hljs-name\">a-form</span> <span class=\"hljs-attr\">:form</span>=<span class=\"hljs-string\">\"form\"</span>&gt;</span>\n      <span class=\"hljs-tag\">&lt;<span class=\"hljs-name\">a-form-item</span> <span class=\"hljs-attr\">style</span>=<span class=\"hljs-string\">\"display:none\"</span>&gt;</span>\n        <span class=\"hljs-tag\">&lt;<span class=\"hljs-name\">a-input</span> <span class=\"hljs-attr\">v-decorator</span>=<span class=\"hljs-string\">\"[\'${primaryKeyColumn}\']\"</span>/&gt;</span>\n      <span class=\"hljs-tag\">&lt;/<span class=\"hljs-name\">a-form-item</span>&gt;</span>\n&lt;#list tableColumns as column&gt;\n&lt;#assign columnComment&gt;&lt;#if column.columnComment??&gt;${column.columnComment}&lt;#else&gt;${column_index}&lt;/#if&gt;&lt;/#assign&gt;\n&lt;#assign javaField = \'${column.javaField}\'&gt;\n&lt;#if !column.isPrimaryKey &amp;&amp; column.isEdit&gt;\n&lt;#if column.htmlType == \"input\"&gt;\n      <span class=\"hljs-tag\">&lt;<span class=\"hljs-name\">a-form-item</span> <span class=\"hljs-attr\">:labelCol</span>=<span class=\"hljs-string\">\"labelCol\"</span> <span class=\"hljs-attr\">:wrapperCol</span>=<span class=\"hljs-string\">\"wrapperCol\"</span> <span class=\"hljs-attr\">label</span>=<span class=\"hljs-string\">\"${columnComment}\"</span> <span class=\"hljs-attr\">has-feedback</span>&gt;</span>\n        <span class=\"hljs-tag\">&lt;<span class=\"hljs-name\">a-input</span> <span class=\"hljs-attr\">allow-clear</span> <span class=\"hljs-attr\">placeholder</span>=<span class=\"hljs-string\">\"${columnComment}\"</span> <span class=\"hljs-attr\">v-decorator</span>=<span class=\"hljs-string\">\"[\'${javaField}\'&lt;#if column.isRequired&gt;, {rules: [{required: true, message: \'请输入${columnComment}\'}]}&lt;/#if&gt;]\"</span>/&gt;</span>\n      <span class=\"hljs-tag\">&lt;/<span class=\"hljs-name\">a-form-item</span>&gt;</span>\n&lt;#elseif column.htmlType == \"dropdown\"&gt;\n      <span class=\"hljs-tag\">&lt;<span class=\"hljs-name\">a-form-item</span> <span class=\"hljs-attr\">:labelCol</span>=<span class=\"hljs-string\">\"labelCol\"</span> <span class=\"hljs-attr\">:wrapperCol</span>=<span class=\"hljs-string\">\"wrapperCol\"</span> <span class=\"hljs-attr\">label</span>=<span class=\"hljs-string\">\"${columnComment}\"</span>&gt;</span>\n        <span class=\"hljs-tag\">&lt;<span class=\"hljs-name\">a-select</span> <span class=\"hljs-attr\">allow-clear</span> <span class=\"hljs-attr\">placeholder</span>=<span class=\"hljs-string\">\"请选择${columnComment}\"</span> <span class=\"hljs-attr\">v-decorator</span>=<span class=\"hljs-string\">\"[\'${javaField}\'&lt;#if column.isRequired&gt;, {rules: [{required: true, message: \'请选择${columnComment}\'}]}&lt;/#if&gt;]\"</span>&gt;</span>\n          <span class=\"hljs-tag\">&lt;<span class=\"hljs-name\">a-select-option</span> <span class=\"hljs-attr\">v-for</span>=<span class=\"hljs-string\">\"(item,index) in ${javaField}DictTypeDropDown\"</span> <span class=\"hljs-attr\">:key</span>=<span class=\"hljs-string\">\"index\"</span> <span class=\"hljs-attr\">:value</span>=<span class=\"hljs-string\">\"item.key\"</span> &gt;</span>\n            {{ <span class=\"hljs-name\">item.name</span> }}\n          <span class=\"hljs-tag\">&lt;/<span class=\"hljs-name\">a-select-option</span>&gt;</span>\n        <span class=\"hljs-tag\">&lt;/<span class=\"hljs-name\">a-select</span>&gt;</span>\n      <span class=\"hljs-tag\">&lt;/<span class=\"hljs-name\">a-form-item</span>&gt;</span>\n&lt;#elseif column.htmlType == \"text\"&gt;\n      <span class=\"hljs-tag\">&lt;<span class=\"hljs-name\">a-form-item</span> <span class=\"hljs-attr\">:labelCol</span>=<span class=\"hljs-string\">\"labelCol\"</span> <span class=\"hljs-attr\">:wrapperCol</span>=<span class=\"hljs-string\">\"wrapperCol\"</span> <span class=\"hljs-attr\">label</span>=<span class=\"hljs-string\">\"${columnComment}\"</span> <span class=\"hljs-attr\">has-feedback</span>&gt;</span>\n        <span class=\"hljs-tag\">&lt;<span class=\"hljs-name\">a-textarea</span> <span class=\"hljs-attr\">allow-clear</span> <span class=\"hljs-attr\">placeholder</span>=<span class=\"hljs-string\">\"${columnComment}\"</span> <span class=\"hljs-attr\">:auto-size</span>=<span class=\"hljs-string\">\"{ minRows: 3, maxRows: 8 }\"</span> <span class=\"hljs-attr\">v-decorator</span>=<span class=\"hljs-string\">\"[\'${javaField}\']\"</span>/&gt;</span>\n      <span class=\"hljs-tag\">&lt;/<span class=\"hljs-name\">a-form-item</span>&gt;</span>\n&lt;#elseif column.htmlType == \"radio\"&gt;\n      <span class=\"hljs-tag\">&lt;<span class=\"hljs-name\">a-form-item</span> <span class=\"hljs-attr\">:labelCol</span>=<span class=\"hljs-string\">\"labelCol\"</span> <span class=\"hljs-attr\">:wrapperCol</span>=<span class=\"hljs-string\">\"wrapperCol\"</span> <span class=\"hljs-attr\">label</span>=<span class=\"hljs-string\">\"${columnComment}\"</span> <span class=\"hljs-attr\">has-feedback</span>&gt;</span>\n        <span class=\"hljs-tag\">&lt;<span class=\"hljs-name\">a-radio-group</span> <span class=\"hljs-attr\">name</span>=<span class=\"hljs-string\">\"${columnComment}\"</span> <span class=\"hljs-attr\">v-decorator</span>=<span class=\"hljs-string\">\"[\'${javaField}\'&lt;#if column.isRequired&gt;, {rules: [{required: true, message: \'请选择${columnComment}\'}]}&lt;/#if&gt;]\"</span>&gt;</span>\n          <span class=\"hljs-tag\">&lt;<span class=\"hljs-name\">a-radio</span> <span class=\"hljs-attr\">v-for</span>=<span class=\"hljs-string\">\"(item,index) in ${javaField}DictRadio\"</span> <span class=\"hljs-attr\">:key</span>=<span class=\"hljs-string\">\"index\"</span> <span class=\"hljs-attr\">:value</span>=<span class=\"hljs-string\">\"item.key\"</span>&gt;</span>\n            {{ <span class=\"hljs-name\">item.name</span> }}\n          <span class=\"hljs-tag\">&lt;/<span class=\"hljs-name\">a-radio</span>&gt;</span>\n        <span class=\"hljs-tag\">&lt;/<span class=\"hljs-name\">a-radio-group</span>&gt;</span>\n      <span class=\"hljs-tag\">&lt;/<span class=\"hljs-name\">a-form-item</span>&gt;</span>\n&lt;#elseif column.htmlType == \"checkbox\"&gt;\n      <span class=\"hljs-tag\">&lt;<span class=\"hljs-name\">a-form-item</span> <span class=\"hljs-attr\">:labelCol</span>=<span class=\"hljs-string\">\"labelCol\"</span> <span class=\"hljs-attr\">:wrapperCol</span>=<span class=\"hljs-string\">\"wrapperCol\"</span> <span class=\"hljs-attr\">label</span>=<span class=\"hljs-string\">\"${columnComment}\"</span>&gt;</span>\n        <span class=\"hljs-tag\">&lt;<span class=\"hljs-name\">a-checkbox</span> <span class=\"hljs-attr\">:indeterminate</span>=<span class=\"hljs-string\">\"indeterminate\"</span> <span class=\"hljs-attr\">:checked</span>=<span class=\"hljs-string\">\"checkAll\"</span> @<span class=\"hljs-attr\">change</span>=<span class=\"hljs-string\">\"onCheckAllChange\"</span>&gt;</span>\n          Check all\n        <span class=\"hljs-tag\">&lt;/<span class=\"hljs-name\">a-checkbox</span>&gt;</span>\n        <span class=\"hljs-tag\">&lt;<span class=\"hljs-name\">a-checkbox-group</span> <span class=\"hljs-attr\">v-model</span>=<span class=\"hljs-string\">\"checkboxList\"</span> @<span class=\"hljs-attr\">change</span>=<span class=\"hljs-string\">\"checkboxOnChange\"</span>&gt;</span>\n          <span class=\"hljs-tag\">&lt;<span class=\"hljs-name\">a-checkbox</span> <span class=\"hljs-attr\">v-for</span>=<span class=\"hljs-string\">\"(item,index) in ${javaField}DictRadio\"</span> <span class=\"hljs-attr\">:key</span>=<span class=\"hljs-string\">\"index\"</span> <span class=\"hljs-attr\">:value</span>=<span class=\"hljs-string\">\"item.key\"</span>&gt;</span>\n            {{ <span class=\"hljs-name\">item.name</span> }}\n          <span class=\"hljs-tag\">&lt;/<span class=\"hljs-name\">a-checkbox</span>&gt;</span>\n        <span class=\"hljs-tag\">&lt;/<span class=\"hljs-name\">a-checkbox-group</span>&gt;</span>\n      <span class=\"hljs-tag\">&lt;/<span class=\"hljs-name\">a-form-item</span>&gt;</span>\n&lt;#else&gt;\n&lt;/#if&gt;\n&lt;/#if&gt;\n&lt;/#list&gt;\n    <span class=\"hljs-tag\">&lt;/<span class=\"hljs-name\">a-form</span>&gt;</span>\n  <span class=\"hljs-tag\">&lt;/<span class=\"hljs-name\">a-modal</span>&gt;</span>\n<span class=\"hljs-tag\">&lt;/<span class=\"hljs-name\">template</span>&gt;</span>\n\n<span class=\"hljs-tag\">&lt;<span class=\"hljs-name\">script</span>&gt;</span>\n<span class=\"hljs-keyword\">import</span> { save${className} } <span class=\"hljs-keyword\">from</span> <span class=\"hljs-string\">\'@/api/${moduleName}/${businessName}/${objectName}\'</span>\n<span class=\"hljs-keyword\">import</span> pick <span class=\"hljs-keyword\">from</span> <span class=\"hljs-string\">\'lodash.pick\'</span>\n&lt;#list tableColumns <span class=\"hljs-keyword\">as</span> column&gt;\n&lt;#<span class=\"hljs-keyword\">if</span> column.htmlType == <span class=\"hljs-string\">\"dropdown\"</span>&gt;\n<span class=\"hljs-keyword\">import</span> { sysDictTypeDropDown } <span class=\"hljs-keyword\">from</span> <span class=\"hljs-string\">\'@/api/system/dict/sysDictType\'</span>\n&lt;#<span class=\"hljs-keyword\">break</span>&gt;\n&lt;/#<span class=\"hljs-keyword\">if</span>&gt;\n&lt;/#list&gt;\n\n<span class=\"hljs-keyword\">export</span> <span class=\"hljs-keyword\">default</span> {\n  <span class=\"hljs-attr\">name</span>: <span class=\"hljs-string\">\'${className}Modal\'</span>,\n  <span class=\"hljs-attr\">props</span>: {},\n  <span class=\"hljs-attr\">components</span>: {},\n  data () {\n    <span class=\"hljs-keyword\">return</span> {\n      <span class=\"hljs-attr\">visible</span>: <span class=\"hljs-literal\">false</span>,\n      <span class=\"hljs-attr\">labelCol</span>: {\n        <span class=\"hljs-attr\">xs</span>: { <span class=\"hljs-attr\">span</span>: <span class=\"hljs-number\">24</span> },\n        <span class=\"hljs-attr\">sm</span>: { <span class=\"hljs-attr\">span</span>: <span class=\"hljs-number\">5</span> }\n      },\n      <span class=\"hljs-attr\">wrapperCol</span>: {\n        <span class=\"hljs-attr\">xs</span>: { <span class=\"hljs-attr\">span</span>: <span class=\"hljs-number\">24</span> },\n        <span class=\"hljs-attr\">sm</span>: { <span class=\"hljs-attr\">span</span>: <span class=\"hljs-number\">16</span> }\n      },\n      <span class=\"hljs-attr\">confirmLoading</span>: <span class=\"hljs-literal\">false</span>,\n      <span class=\"hljs-attr\">mdl</span>: {},\n      <span class=\"hljs-attr\">form</span>: <span class=\"hljs-built_in\">this</span>.$form.createForm(<span class=\"hljs-built_in\">this</span>),\n&lt;#list tableColumns <span class=\"hljs-keyword\">as</span> column&gt;\n&lt;#<span class=\"hljs-keyword\">if</span> column.htmlType == <span class=\"hljs-string\">\"dropdown\"</span>&gt;\n      ${column.javaField}DictTypeDropDown: [],\n&lt;#elseif column.htmlType == <span class=\"hljs-string\">\"radio\"</span>&gt;\n      ${column.javaField}DictRadio: [],\n&lt;#elseif column.htmlType == <span class=\"hljs-string\">\"checkbox\"</span>&gt;\n      ${column.javaField}DictCheckbox: [],\n      <span class=\"hljs-attr\">checkboxList</span>: [],\n      <span class=\"hljs-attr\">indeterminate</span>: <span class=\"hljs-literal\">true</span>,\n      <span class=\"hljs-attr\">checkAll</span>: <span class=\"hljs-literal\">false</span>,\n&lt;#<span class=\"hljs-keyword\">else</span>&gt;\n&lt;/#<span class=\"hljs-keyword\">if</span>&gt;\n&lt;/#list&gt;\n      title: <span class=\"hljs-string\">\'\'</span>\n    }\n  },\n  beforeCreate () {},\n  created () {\n    <span class=\"hljs-built_in\">this</span>.sysDictTypeDropDown()\n  },\n  <span class=\"hljs-attr\">methods</span>: {\n    <span class=\"hljs-comment\">// 添加</span>\n    add () {\n      <span class=\"hljs-built_in\">this</span>.form.resetFields()\n      <span class=\"hljs-built_in\">this</span>.edit({ ${primaryKeyColumn}: <span class=\"hljs-number\">0</span> })\n    },\n    <span class=\"hljs-comment\">// 编辑修改</span>\n    edit (record) {\n      <span class=\"hljs-built_in\">this</span>.mdl = <span class=\"hljs-built_in\">Object</span>.assign(record)\n      <span class=\"hljs-built_in\">this</span>.title = record.${primaryKeyColumn} === <span class=\"hljs-number\">0</span> ? <span class=\"hljs-string\">\'添加&lt;#if comment??&gt;${comment}&lt;/#if&gt;\'</span> : <span class=\"hljs-string\">\'修改&lt;#if comment??&gt;${comment}&lt;/#if&gt;\'</span>\n      <span class=\"hljs-built_in\">this</span>.visible = <span class=\"hljs-literal\">true</span>\n      <span class=\"hljs-built_in\">this</span>.$nextTick(<span class=\"hljs-function\">() =&gt;</span> {\n        <span class=\"hljs-built_in\">this</span>.form.setFieldsValue(pick(<span class=\"hljs-built_in\">this</span>.mdl, &lt;#list tableColumns <span class=\"hljs-keyword\">as</span> column&gt;&lt;#<span class=\"hljs-keyword\">if</span> column.htmlType != <span class=\"hljs-string\">\'datetime\'</span>&gt;&lt;#<span class=\"hljs-keyword\">if</span> column_index = <span class=\"hljs-number\">0</span>&gt;<span class=\"hljs-string\">\'${column.javaField}\'</span>&lt;#elseif column_has_next&gt;, <span class=\"hljs-string\">\'${column.javaField}\'</span>&lt;<span class=\"hljs-regexp\">/#if&gt;&lt;/</span>#<span class=\"hljs-keyword\">if</span>&gt;&lt;/#list&gt;))\n      })\n    },\n    <span class=\"hljs-comment\">// 加载字典</span>\n    sysDictTypeDropDown () {\n&lt;#list tableColumns <span class=\"hljs-keyword\">as</span> column&gt;\n&lt;#<span class=\"hljs-keyword\">if</span> column.htmlType == <span class=\"hljs-string\">\"dropdown\"</span>&gt;\n      sysDictTypeDropDown({ <span class=\"hljs-attr\">code</span>: <span class=\"hljs-string\">\'${column.javaField}\'</span> }).then(<span class=\"hljs-function\">(<span class=\"hljs-params\">res</span>) =&gt;</span> {\n        <span class=\"hljs-built_in\">this</span>.${column.javaField}DictTypeDropDown = res.data\n      })\n&lt;#elseif column.htmlType == <span class=\"hljs-string\">\"radio\"</span>&gt;\n      sysDictTypeDropDown({ <span class=\"hljs-attr\">code</span>: <span class=\"hljs-string\">\'${column.javaField}\'</span> }).then(<span class=\"hljs-function\">(<span class=\"hljs-params\">res</span>) =&gt;</span> {\n        <span class=\"hljs-built_in\">this</span>.${column.javaField}DictRadio = res.data\n      })\n&lt;#elseif column.htmlType == <span class=\"hljs-string\">\"checkbox\"</span>&gt;\n      sysDictTypeDropDown({ <span class=\"hljs-attr\">code</span>: <span class=\"hljs-string\">\'${column.javaField}\'</span> }).then(<span class=\"hljs-function\">(<span class=\"hljs-params\">res</span>) =&gt;</span> {\n        <span class=\"hljs-built_in\">this</span>.${column.javaField}DictCheckbox = res.data\n      })\n&lt;/#<span class=\"hljs-keyword\">if</span>&gt;\n&lt;/#list&gt;\n    },\n&lt;#list tableColumns <span class=\"hljs-keyword\">as</span> column&gt;\n&lt;#<span class=\"hljs-keyword\">if</span> column.htmlType == <span class=\"hljs-string\">\"checkbox\"</span>&gt;\n    <span class=\"hljs-comment\">// 处理多选框全选</span>\n    onChange (checkedList) {\n      <span class=\"hljs-built_in\">this</span>.indeterminate = !!checkedList.length &amp;&amp; checkedList.length &lt; ${column.javaField}DictCheckbox.length;\n      <span class=\"hljs-built_in\">this</span>.checkAll = checkedList.length === ${column.javaField}DictCheckbox.length;\n    },\n    <span class=\"hljs-function\"><span class=\"hljs-title\">onCheckAllChange</span>(<span class=\"hljs-params\">e</span>)</span> {\n      <span class=\"hljs-built_in\">Object</span>.assign(<span class=\"hljs-built_in\">this</span>, {\n        <span class=\"hljs-attr\">checkedList</span>: e.target.checked ? ${column.javaField}DictCheckbox : [],\n        <span class=\"hljs-attr\">indeterminate</span>: <span class=\"hljs-literal\">false</span>,\n        <span class=\"hljs-attr\">checkAll</span>: e.target.checked,\n      });\n    },\n&lt;/#<span class=\"hljs-keyword\">if</span>&gt;\n&lt;/#list&gt;\n    <span class=\"hljs-comment\">// 提交数据</span>\n    handleSubmit (e) {\n      e.preventDefault()\n      <span class=\"hljs-built_in\">this</span>.form.validateFields(<span class=\"hljs-function\">(<span class=\"hljs-params\">err, values</span>) =&gt;</span> {\n        <span class=\"hljs-keyword\">if</span> (!err) {\n          <span class=\"hljs-built_in\">this</span>.confirmLoading = <span class=\"hljs-literal\">true</span>\n&lt;#list tableColumns <span class=\"hljs-keyword\">as</span> column&gt;\n&lt;#<span class=\"hljs-keyword\">if</span> column.htmlType == <span class=\"hljs-string\">\"checkbox\"</span>&gt;\n          values.${column} == checkboxList.join(<span class=\"hljs-string\">\',\'</span>)\n&lt;/#<span class=\"hljs-keyword\">if</span>&gt;\n&lt;/#list&gt;\n          save${className}(values).then(<span class=\"hljs-function\"><span class=\"hljs-params\">res</span> =&gt;</span> {\n            <span class=\"hljs-keyword\">if</span> (res.code === <span class=\"hljs-number\">200</span>) {\n              <span class=\"hljs-built_in\">this</span>.$message.success(<span class=\"hljs-string\">\'保存成功\'</span>)\n              <span class=\"hljs-built_in\">this</span>.$emit(<span class=\"hljs-string\">\'ok\'</span>)\n              <span class=\"hljs-built_in\">this</span>.visible = <span class=\"hljs-literal\">false</span>\n            } <span class=\"hljs-keyword\">else</span> {\n              <span class=\"hljs-built_in\">this</span>.$message.error(res.message)\n            }\n          }).catch(<span class=\"hljs-function\">() =&gt;</span> {\n            <span class=\"hljs-built_in\">this</span>.$message.error(<span class=\"hljs-string\">\'系统错误，请稍后再试\'</span>)\n          }).finally(<span class=\"hljs-function\">() =&gt;</span> {\n            <span class=\"hljs-built_in\">this</span>.confirmLoading = <span class=\"hljs-literal\">false</span>\n          })\n        }\n      })\n    }\n  }\n}\n<span class=\"hljs-tag\">&lt;/<span class=\"hljs-name\">script</span>&gt;</span>\n</pre>',
        'vue', 1, 1, now()),
       (16, 6, 'Api',
        '<pre class=\"ql-syntax\" spellcheck=\"false\">import request from <span class=\"hljs-string\">\'@/utils/request\'</span>\n\n/**\n* &lt;<span class=\"hljs-comment\">#if comment??&gt;${comment}&lt;/#if&gt;</span>\n*/\nconst api = {\n  <span class=\"hljs-variable\">${objectName}</span>: <span class=\"hljs-string\">\'/${businessName}\'</span>\n}\n\n/**\n* 分页查询&lt;<span class=\"hljs-comment\">#if comment??&gt;${comment}&lt;/#if&gt;</span>\n*/\n<span class=\"hljs-built_in\">export</span> <span class=\"hljs-keyword\">function</span> get<span class=\"hljs-variable\">${className}</span>PageList (parameter) {\n  <span class=\"hljs-built_in\">return</span> request({\n    url: api.<span class=\"hljs-variable\">${objectName}</span> + <span class=\"hljs-string\">\'/pageList\'</span>,\n    method: <span class=\"hljs-string\">\'get\'</span>,\n    params: parameter\n  })\n}\n\n/**\n* 修改/保存&lt;<span class=\"hljs-comment\">#if comment??&gt;${comment}&lt;/#if&gt;</span>\n*/\n<span class=\"hljs-built_in\">export</span> <span class=\"hljs-keyword\">function</span> save<span class=\"hljs-variable\">${className}</span> (parameter) {\n  <span class=\"hljs-built_in\">return</span> request({\n    url: api.<span class=\"hljs-variable\">${objectName}</span> + (parameter.<span class=\"hljs-variable\">${primaryKeyColumn.javaField}</span> &gt; 0 ? <span class=\"hljs-string\">\'/update\'</span> : <span class=\"hljs-string\">\'/save\'</span>),\n    method: <span class=\"hljs-string\">\'post\'</span>,\n    data: parameter,\n    headers: {\n      <span class=\"hljs-string\">\'Content-Type\'</span>: <span class=\"hljs-string\">\'application/json;charset=UTF-8\'</span>\n    }\n  })\n}\n\n/**\n* 批量删除&lt;<span class=\"hljs-comment\">#if comment??&gt;${comment}&lt;/#if&gt;</span>\n*/\n<span class=\"hljs-built_in\">export</span> <span class=\"hljs-keyword\">function</span> del<span class=\"hljs-variable\">${className}</span> (parameter) {\n  <span class=\"hljs-built_in\">return</span> request({\n    url: api.<span class=\"hljs-variable\">${objectName}</span> + <span class=\"hljs-string\">\'/delete\'</span>,\n    method: <span class=\"hljs-string\">\'post\'</span>,\n    params: parameter\n  })\n}\n</pre>',
        'js', 0, 1, now()),
       (17, 4, 'List',
        '<pre class=\"ql-syntax\" spellcheck=\"false\"><span class=\"hljs-tag\">&lt;<span class=\"hljs-name\">template</span>&gt;</span>\n  <span class=\"hljs-tag\">&lt;<span class=\"hljs-name\">a-card</span> <span class=\"hljs-attr\">:bordered</span>=<span class=\"hljs-string\">\"false\"</span>&gt;</span>\n    <span class=\"hljs-tag\">&lt;<span class=\"hljs-name\">div</span> <span class=\"hljs-attr\">class</span>=<span class=\"hljs-string\">\"table-page-search-wrapper\"</span>&gt;</span>\n      <span class=\"hljs-tag\">&lt;<span class=\"hljs-name\">a-form</span> <span class=\"hljs-attr\">layout</span>=<span class=\"hljs-string\">\"inline\"</span>&gt;</span>\n        <span class=\"hljs-tag\">&lt;<span class=\"hljs-name\">a-row</span> <span class=\"hljs-attr\">:gutter</span>=<span class=\"hljs-string\">\"48\"</span>&gt;</span>\n&lt;#list tableColumns as column&gt;\n&lt;#assign columnComment&gt;&lt;#if column.columnComment??&gt;${column.columnComment}&lt;#else&gt;${column_index}&lt;/#if&gt;&lt;/#assign&gt;\n&lt;#if column.isQuery &amp;&amp; column.htmlType == \"input\"&gt;\n          <span class=\"hljs-tag\">&lt;<span class=\"hljs-name\">a-col</span> <span class=\"hljs-attr\">:md</span>=<span class=\"hljs-string\">\"5\"</span> <span class=\"hljs-attr\">:sm</span>=<span class=\"hljs-string\">\"15\"</span>&gt;</span>\n            <span class=\"hljs-tag\">&lt;<span class=\"hljs-name\">a-form-item</span> <span class=\"hljs-attr\">label</span>=<span class=\"hljs-string\">\"$</span></span>{columnComment}<span class=\"hljs-tag\"><span class=\"hljs-string\">\"</span>&gt;</span>\n              <span class=\"hljs-tag\">&lt;<span class=\"hljs-name\">a-input</span> <span class=\"hljs-attr\">allow-clear</span> <span class=\"hljs-attr\">placeholder</span>=<span class=\"hljs-string\">\"请输入$</span></span>{columnComment}<span class=\"hljs-tag\"><span class=\"hljs-string\">\"</span> <span class=\"hljs-attr\">v-model</span>=<span class=\"hljs-string\">\"queryParam.$</span></span>{column.javaField}<span class=\"hljs-tag\"><span class=\"hljs-string\">\"</span>/&gt;</span>\n            <span class=\"hljs-tag\">&lt;/<span class=\"hljs-name\">a-form-item</span>&gt;</span>\n          <span class=\"hljs-tag\">&lt;/<span class=\"hljs-name\">a-col</span>&gt;</span>\n&lt;#elseif column.htmlType == \"dropdown\"&gt;\n          <span class=\"hljs-tag\">&lt;<span class=\"hljs-name\">a-col</span> <span class=\"hljs-attr\">:md</span>=<span class=\"hljs-string\">\"5\"</span> <span class=\"hljs-attr\">:sm</span>=<span class=\"hljs-string\">\"15\"</span>&gt;</span>\n            <span class=\"hljs-tag\">&lt;<span class=\"hljs-name\">a-form-item</span> <span class=\"hljs-attr\">label</span>=<span class=\"hljs-string\">\"$</span></span>{columnComment}<span class=\"hljs-tag\"><span class=\"hljs-string\">\"</span>&gt;</span>\n              <span class=\"hljs-tag\">&lt;<span class=\"hljs-name\">a-select</span> <span class=\"hljs-attr\">allow-clear</span> <span class=\"hljs-attr\">v-model</span>=<span class=\"hljs-string\">\"queryParam.$</span></span>{column.javaField}<span class=\"hljs-tag\"><span class=\"hljs-string\">\"</span> <span class=\"hljs-attr\">allow-clear</span> <span class=\"hljs-attr\">placeholder</span>=<span class=\"hljs-string\">\"请选择$</span></span>{columnComment}<span class=\"hljs-tag\"><span class=\"hljs-string\">\"</span>&gt;</span>\n                <span class=\"hljs-tag\">&lt;<span class=\"hljs-name\">a-select-option</span> <span class=\"hljs-attr\">v-for</span>=<span class=\"hljs-string\">\"(item,index) in $</span></span>{column.javaField}<span class=\"hljs-tag\"><span class=\"hljs-string\">DictTypeDropDown\"</span> <span class=\"hljs-attr\">:key</span>=<span class=\"hljs-string\">\"index\"</span> <span class=\"hljs-attr\">:value</span>=<span class=\"hljs-string\">\"item.key\"</span> &gt;</span>\n                  {{ item.name }}\n                <span class=\"hljs-tag\">&lt;/<span class=\"hljs-name\">a-select-option</span>&gt;</span>\n              <span class=\"hljs-tag\">&lt;/<span class=\"hljs-name\">a-select</span>&gt;</span>\n            <span class=\"hljs-tag\">&lt;/<span class=\"hljs-name\">a-form-item</span>&gt;</span>\n          <span class=\"hljs-tag\">&lt;/<span class=\"hljs-name\">a-col</span>&gt;</span>\n&lt;#else&gt;\n&lt;/#if&gt;\n&lt;/#list&gt;\n          <span class=\"hljs-tag\">&lt;<span class=\"hljs-name\">a-col</span> <span class=\"hljs-attr\">:md</span>=<span class=\"hljs-string\">\"5\"</span> <span class=\"hljs-attr\">:sm</span>=<span class=\"hljs-string\">\"15\"</span>&gt;</span>\n            <span class=\"hljs-tag\">&lt;<span class=\"hljs-name\">span</span> <span class=\"hljs-attr\">class</span>=<span class=\"hljs-string\">\"table-page-search-submitButtons\"</span>&gt;</span>\n              <span class=\"hljs-tag\">&lt;<span class=\"hljs-name\">a-button</span> <span class=\"hljs-attr\">type</span>=<span class=\"hljs-string\">\"primary\"</span> @<span class=\"hljs-attr\">click</span>=<span class=\"hljs-string\">\"$refs.table.refresh(true)\"</span>&gt;</span>查询<span class=\"hljs-tag\">&lt;/<span class=\"hljs-name\">a-button</span>&gt;</span>\n              <span class=\"hljs-tag\">&lt;<span class=\"hljs-name\">a-button</span> <span class=\"hljs-attr\">style</span>=<span class=\"hljs-string\">\"margin-left: 8px\"</span> @<span class=\"hljs-attr\">click</span>=<span class=\"hljs-string\">\"() =&gt; queryParam = </span></span>{}<span class=\"hljs-tag\"><span class=\"hljs-string\">\"</span>&gt;</span>重置<span class=\"hljs-tag\">&lt;/<span class=\"hljs-name\">a-button</span>&gt;</span>\n              <span class=\"hljs-tag\">&lt;<span class=\"hljs-name\">a</span> @<span class=\"hljs-attr\">click</span>=<span class=\"hljs-string\">\"toggleAdvanced\"</span> <span class=\"hljs-attr\">style</span>=<span class=\"hljs-string\">\"margin-left: 8px\"</span>&gt;</span>\n                {{ advanced ? \'收起\' : \'展开\' }}\n              <span class=\"hljs-tag\">&lt;<span class=\"hljs-name\">a-icon</span> <span class=\"hljs-attr\">:type</span>=<span class=\"hljs-string\">\"advanced ? \'up\' : \'down\'\"</span>/&gt;</span>\n              <span class=\"hljs-tag\">&lt;/<span class=\"hljs-name\">a</span>&gt;</span>\n            <span class=\"hljs-tag\">&lt;/<span class=\"hljs-name\">span</span>&gt;</span>\n          <span class=\"hljs-tag\">&lt;/<span class=\"hljs-name\">a-col</span>&gt;</span>\n        <span class=\"hljs-tag\">&lt;/<span class=\"hljs-name\">a-row</span>&gt;</span>\n      <span class=\"hljs-tag\">&lt;/<span class=\"hljs-name\">a-form</span>&gt;</span>\n    <span class=\"hljs-tag\">&lt;/<span class=\"hljs-name\">div</span>&gt;</span>\n\n    <span class=\"hljs-tag\">&lt;<span class=\"hljs-name\">a-space</span> <span class=\"hljs-attr\">align</span>=<span class=\"hljs-string\">\"center\"</span> <span class=\"hljs-attr\">style</span>=<span class=\"hljs-string\">\"margin-bottom: 16px\"</span>&gt;</span>\n      <span class=\"hljs-tag\">&lt;<span class=\"hljs-name\">a-button</span> <span class=\"hljs-attr\">type</span>=<span class=\"hljs-string\">\"primary\"</span> <span class=\"hljs-attr\">icon</span>=<span class=\"hljs-string\">\"plus\"</span> @<span class=\"hljs-attr\">click</span>=<span class=\"hljs-string\">\"handleAdd\"</span>&gt;</span>新增<span class=\"hljs-tag\">&lt;/<span class=\"hljs-name\">a-button</span>&gt;</span>\n      <span class=\"hljs-tag\">&lt;<span class=\"hljs-name\">a-dropdown</span> <span class=\"hljs-attr\">v-if</span>=<span class=\"hljs-string\">\"selectedRowKeys.length &gt; 0\"</span>&gt;</span>\n        <span class=\"hljs-tag\">&lt;<span class=\"hljs-name\">a-popconfirm</span> <span class=\"hljs-attr\">placement</span>=<span class=\"hljs-string\">\"topRight\"</span> <span class=\"hljs-attr\">title</span>=<span class=\"hljs-string\">\"确认删除？\"</span> @<span class=\"hljs-attr\">confirm</span>=<span class=\"hljs-string\">\"() =&gt; delByIds(selectedRowKeys)\"</span>&gt;</span>\n          <span class=\"hljs-tag\">&lt;<span class=\"hljs-name\">a-button</span> <span class=\"hljs-attr\">type</span>=<span class=\"hljs-string\">\"primary\"</span> <span class=\"hljs-attr\">icon</span>=<span class=\"hljs-string\">\"close\"</span>&gt;</span>删除<span class=\"hljs-tag\">&lt;/<span class=\"hljs-name\">a-button</span>&gt;</span>\n        <span class=\"hljs-tag\">&lt;/<span class=\"hljs-name\">a-popconfirm</span>&gt;</span>\n      <span class=\"hljs-tag\">&lt;/<span class=\"hljs-name\">a-dropdown</span>&gt;</span>\n    <span class=\"hljs-tag\">&lt;/<span class=\"hljs-name\">a-space</span>&gt;</span>\n\n    <span class=\"hljs-tag\">&lt;<span class=\"hljs-name\">s-table</span>\n      <span class=\"hljs-attr\">size</span>=<span class=\"hljs-string\">\"default\"</span>\n      <span class=\"hljs-attr\">ref</span>=<span class=\"hljs-string\">\"table\"</span>\n      <span class=\"hljs-attr\">rowKey</span>=<span class=\"hljs-string\">\"$</span></span>{primaryKeyColumn.javaField}<span class=\"hljs-tag\"><span class=\"hljs-string\">\"</span>\n      <span class=\"hljs-attr\">:rowSelection</span>=<span class=\"hljs-string\">\"</span></span>{selectedRowKeys: selectedRowKeys, onChange: onSelectChange}<span class=\"hljs-tag\"><span class=\"hljs-string\">\"</span>\n      <span class=\"hljs-attr\">:columns</span>=<span class=\"hljs-string\">\"columns\"</span>\n      <span class=\"hljs-attr\">:data</span>=<span class=\"hljs-string\">\"loadData\"</span>\n      <span class=\"hljs-attr\">:rangPicker</span>=<span class=\"hljs-string\">\"range\"</span>\n    &gt;</span>\n&lt;#list tableColumns as column&gt;\n&lt;#if column.htmlType == \"dropdown\"&gt;\n      <span class=\"hljs-tag\">&lt;<span class=\"hljs-name\">span</span> <span class=\"hljs-attr\">slot</span>=<span class=\"hljs-string\">\"$</span></span>{column.javaField}<span class=\"hljs-tag\"><span class=\"hljs-string\">\"</span> <span class=\"hljs-attr\">slot-scope</span>=<span class=\"hljs-string\">\"text\"</span>&gt;</span>\n        {{ ${column.javaField}Filter(text) }}\n      <span class=\"hljs-tag\">&lt;/<span class=\"hljs-name\">span</span>&gt;</span>\n&lt;/#if&gt;\n&lt;/#list&gt;\n      <span class=\"hljs-tag\">&lt;<span class=\"hljs-name\">span</span> <span class=\"hljs-attr\">slot</span>=<span class=\"hljs-string\">\"action\"</span> <span class=\"hljs-attr\">slot-scope</span>=<span class=\"hljs-string\">\"text, record\"</span>&gt;</span>\n        <span class=\"hljs-tag\">&lt;<span class=\"hljs-name\">a</span> @<span class=\"hljs-attr\">click</span>=<span class=\"hljs-string\">\"handleEdit(record)\"</span>&gt;</span>编辑<span class=\"hljs-tag\">&lt;/<span class=\"hljs-name\">a</span>&gt;</span>\n        <span class=\"hljs-tag\">&lt;<span class=\"hljs-name\">a-divider</span> <span class=\"hljs-attr\">type</span>=<span class=\"hljs-string\">\"vertical\"</span>/&gt;</span>\n        <span class=\"hljs-tag\">&lt;<span class=\"hljs-name\">a-popconfirm</span> <span class=\"hljs-attr\">placement</span>=<span class=\"hljs-string\">\"topRight\"</span> <span class=\"hljs-attr\">title</span>=<span class=\"hljs-string\">\"确认删除？\"</span> @<span class=\"hljs-attr\">confirm</span>=<span class=\"hljs-string\">\"() =&gt; delByIds([record.$</span></span>{primaryKeyColumn.javaField}<span class=\"hljs-tag\"><span class=\"hljs-string\">])\"</span>&gt;</span>\n          <span class=\"hljs-tag\">&lt;<span class=\"hljs-name\">a</span>&gt;</span>删除<span class=\"hljs-tag\">&lt;/<span class=\"hljs-name\">a</span>&gt;</span>\n        <span class=\"hljs-tag\">&lt;/<span class=\"hljs-name\">a-popconfirm</span>&gt;</span>\n      <span class=\"hljs-tag\">&lt;/<span class=\"hljs-name\">span</span>&gt;</span>\n    <span class=\"hljs-tag\">&lt;/<span class=\"hljs-name\">s-table</span>&gt;</span>\n    &lt;${objectName}-modal ref=\"${businessName}\" @ok=\"handleOk\"/&gt;\n  <span class=\"hljs-tag\">&lt;/<span class=\"hljs-name\">a-card</span>&gt;</span>\n<span class=\"hljs-tag\">&lt;/<span class=\"hljs-name\">template</span>&gt;</span>\n\n<span class=\"hljs-tag\">&lt;<span class=\"hljs-name\">script</span>&gt;</span>\n<span class=\"hljs-keyword\">import</span> { STable } <span class=\"hljs-keyword\">from</span> <span class=\"hljs-string\">\'@/components\'</span>\n<span class=\"hljs-keyword\">import</span> { del${className}, get${className}PageList } <span class=\"hljs-keyword\">from</span> <span class=\"hljs-string\">\'@/api&lt;#if moduleName??&gt;/$</span>{moduleName}&lt;<span class=\"hljs-regexp\">/#if&gt;/</span>${businessName}/${objectName}\'\nimport ${className}Modal <span class=\"hljs-keyword\">from</span> <span class=\"hljs-string\">\'./modal/$</span>{className}Modal\'\n&lt;#list tableColumns as column&gt;\n&lt;#if column.htmlType == \"dropdown\"&gt;\nimport { sysDictTypeDropDown } <span class=\"hljs-keyword\">from</span> <span class=\"hljs-string\">\'@/api/system/dict/sysDictType\'</span>\n&lt;#<span class=\"hljs-keyword\">break</span>&gt;\n&lt;/#<span class=\"hljs-keyword\">if</span>&gt;\n&lt;/#list&gt;\n\n<span class=\"hljs-keyword\">export</span> <span class=\"hljs-keyword\">default</span> {\n  name: \'${className}List\',\n  components: {\n    STable,\n    ${className}Modal\n  },\n  data () {\n    return {\n      labelCol: {\n        xs: { span: 24 },\n        sm: { span: 5 }\n      },\n      wrapperCol: {\n        xs: { span: 24 },\n        sm: { span: 16 }\n      },\n      <span class=\"hljs-attr\">form</span>: <span class=\"hljs-built_in\">this</span>.$form.createForm(<span class=\"hljs-built_in\">this</span>),\n      <span class=\"hljs-attr\">mdl</span>: {},\n      <span class=\"hljs-comment\">// 高级搜索 展开/关闭</span>\n      <span class=\"hljs-attr\">advanced</span>: <span class=\"hljs-literal\">false</span>,\n      <span class=\"hljs-comment\">// 查询参数</span>\n      <span class=\"hljs-attr\">queryParam</span>: {},\n      <span class=\"hljs-comment\">// 表头</span>\n      <span class=\"hljs-attr\">columns</span>: [\n&lt;#list tableColumns <span class=\"hljs-keyword\">as</span> column&gt;\n&lt;#assign javaField = <span class=\"hljs-string\">\'$</span>{column.javaField}\'&gt;\n&lt;#assign columnComment&gt;&lt;#if column.columnComment??&gt;${column.columnComment}&lt;#<span class=\"hljs-keyword\">else</span>&gt;${column_index}&lt;<span class=\"hljs-regexp\">/#if&gt;&lt;/</span>#assign&gt;\n&lt;#<span class=\"hljs-keyword\">if</span> column.isList == <span class=\"hljs-literal\">true</span>&gt;\n&lt;#<span class=\"hljs-keyword\">if</span> column.htmlType == <span class=\"hljs-string\">\'datetime\'</span>&gt;\n        {\n          title: \'${columnComment}\',\n          dataIndex: \'${javaField}\',\n          scopedSlots: { customRender: \'${javaField}\' },\n          sorter: true,\n          align: \'center\'\n        },\n&lt;#else&gt;\n        {\n          title: \'${columnComment}\',\n          dataIndex: \'${javaField}\',\n          scopedSlots: { customRender: \'${javaField}\' },\n          align: \'center\'\n        },\n&lt;/#if&gt;\n&lt;/#if&gt;\n&lt;/#list&gt;\n        {\n          title: \'操作\',\n          width: \'240px\',\n          dataIndex: \'action\',\n          align: \'center\',\n          scopedSlots: { customRender: \'action\' }\n        }\n      ],\n      <span class=\"hljs-attr\">range</span>: <span class=\"hljs-literal\">null</span>,\n      <span class=\"hljs-comment\">// 加载数据方法 必须为 Promise 对象</span>\n      <span class=\"hljs-attr\">loadData</span>: <span class=\"hljs-function\"><span class=\"hljs-params\">parameter</span> =&gt;</span> {\n        return get${className}PageList(<span class=\"hljs-built_in\">Object</span>.assign(parameter, <span class=\"hljs-built_in\">this</span>.queryParam)).then(<span class=\"hljs-function\">(<span class=\"hljs-params\">res</span>) =&gt;</span> {\n          return res.data\n        })\n      },\n&lt;#list tableColumns <span class=\"hljs-keyword\">as</span> column&gt;\n&lt;#<span class=\"hljs-keyword\">if</span> column.htmlType == <span class=\"hljs-string\">\"dropdown\"</span>&gt;\n      ${column.javaField}DictTypeDropDown: [],\n&lt;/#if&gt;\n&lt;/#list&gt;\n      selectedRowKeys: [],\n      selectedRows: []\n    }\n  },\n  filters: {\n  },\n  created () {\n    this.sysDictTypeDropDown()\n  },\n  methods: {\n    // 处理多选\n    onSelectChange (selectedRowKeys, selectedRows) {\n      this.selectedRowKeys = selectedRowKeys\n      this.selectedRows = selectedRows\n    },\n    <span class=\"hljs-comment\">// 提交完成后刷新</span>\n    handleOk () {\n      this.$refs.table.refresh(true)\n    },\n    <span class=\"hljs-comment\">// 加载字典</span>\n    sysDictTypeDropDown () {\n&lt;#list tableColumns as column&gt;\n&lt;#<span class=\"hljs-keyword\">if</span> column.htmlType == \"dropdown\"&gt;\n      sysDictTypeDropDown({ code: \'${column.javaField}\' }).then((res) =&gt; {\n        this.${column.javaField}DictTypeDropDown = res.data\n      })\n&lt;/#<span class=\"hljs-keyword\">if</span>&gt;\n&lt;/#list&gt;\n    },\n&lt;#list tableColumns <span class=\"hljs-keyword\">as</span> column&gt;\n&lt;#<span class=\"hljs-keyword\">if</span> column.htmlType == <span class=\"hljs-string\">\"dropdown\"</span>&gt;\n    <span class=\"hljs-comment\">// 匹配字典</span>\n    ${column.javaField}Filter (${column.javaField}) {\n      // eslint-disable-next-line eqeqeq\n      const values = this.${column.javaField}DictTypeDropDown.filter(<span class=\"hljs-function\"><span class=\"hljs-params\">item</span> =&gt;</span> item.key == ${column.javaField})\n      if (values.length &gt; 0) {\n        return values[0].name\n      }\n    },\n&lt;/#<span class=\"hljs-keyword\">if</span>&gt;\n&lt;/#list&gt;\n    <span class=\"hljs-comment\">// 添加</span>\n    handleAdd () {\n      this.$refs.${businessName}.add()\n    },\n    <span class=\"hljs-comment\">// 修改</span>\n    handleEdit (record) {\n      this.$refs.${businessName}.edit(record)\n    },\n    <span class=\"hljs-comment\">// 批量删除</span>\n    delByIds (ids) {\n      del${className}({ ids: ids.join(\',\') }).then(<span class=\"hljs-function\"><span class=\"hljs-params\">res</span> =&gt;</span> {\n        <span class=\"hljs-keyword\">if</span> (res.code === 200) {\n          this.$message.success(\'删除成功\')\n          this.handleOk()\n        } <span class=\"hljs-keyword\">else</span> {\n          this.$message.error(res.message)\n        }\n        <span class=\"hljs-built_in\">this</span>.selectedRowKeys = []\n      })\n    },\n    <span class=\"hljs-comment\">// 提供更多查询条件选项</span>\n    toggleAdvanced () {\n      this.advanced = !this.advanced\n    }\n  }\n}\n<span class=\"hljs-tag\">&lt;/<span class=\"hljs-name\">script</span>&gt;</span>\n</pre>',
        'vue', 0, 1, now()),
       (18, 4, 'Modal',
        '<pre class=\"ql-syntax\" spellcheck=\"false\">&lt;#assign primaryKeyColumn = \'${primaryKeyColumn.javaField}\'&gt;\n<span class=\"hljs-tag\">&lt;<span class=\"hljs-name\">template</span>&gt;</span>\n  <span class=\"hljs-tag\">&lt;<span class=\"hljs-name\">a-modal</span>\n    <span class=\"hljs-attr\">:title</span>=<span class=\"hljs-string\">\"title\"</span>\n    <span class=\"hljs-attr\">style</span>=<span class=\"hljs-string\">\"top: 20px;\"</span>\n    <span class=\"hljs-attr\">width</span>=<span class=\"hljs-string\">\"40%\"</span>\n    <span class=\"hljs-attr\">v-model</span>=<span class=\"hljs-string\">\"visible\"</span>\n    <span class=\"hljs-attr\">:confirmLoading</span>=<span class=\"hljs-string\">\"confirmLoading\"</span>\n    @<span class=\"hljs-attr\">ok</span>=<span class=\"hljs-string\">\"handleSubmit\"</span>\n  &gt;</span>\n    <span class=\"hljs-tag\">&lt;<span class=\"hljs-name\">a-form</span> <span class=\"hljs-attr\">:form</span>=<span class=\"hljs-string\">\"form\"</span>&gt;</span>\n      <span class=\"hljs-tag\">&lt;<span class=\"hljs-name\">a-form-item</span> <span class=\"hljs-attr\">style</span>=<span class=\"hljs-string\">\"display:none\"</span>&gt;</span>\n        <span class=\"hljs-tag\">&lt;<span class=\"hljs-name\">a-input</span> <span class=\"hljs-attr\">v-decorator</span>=<span class=\"hljs-string\">\"[\'${primaryKeyColumn}\']\"</span>/&gt;</span>\n      <span class=\"hljs-tag\">&lt;/<span class=\"hljs-name\">a-form-item</span>&gt;</span>\n&lt;#list tableColumns as column&gt;\n&lt;#assign columnComment&gt;&lt;#if column.columnComment??&gt;${column.columnComment}&lt;#else&gt;${column_index}&lt;/#if&gt;&lt;/#assign&gt;\n&lt;#assign javaField = \'${column.javaField}\'&gt;\n&lt;#if !column.isPrimaryKey &amp;&amp; column.isEdit&gt;\n&lt;#if column.htmlType == \"input\"&gt;\n      <span class=\"hljs-tag\">&lt;<span class=\"hljs-name\">a-form-item</span> <span class=\"hljs-attr\">:labelCol</span>=<span class=\"hljs-string\">\"labelCol\"</span> <span class=\"hljs-attr\">:wrapperCol</span>=<span class=\"hljs-string\">\"wrapperCol\"</span> <span class=\"hljs-attr\">label</span>=<span class=\"hljs-string\">\"${columnComment}\"</span> <span class=\"hljs-attr\">has-feedback</span>&gt;</span>\n        <span class=\"hljs-tag\">&lt;<span class=\"hljs-name\">a-input</span> <span class=\"hljs-attr\">allow-clear</span> <span class=\"hljs-attr\">placeholder</span>=<span class=\"hljs-string\">\"${columnComment}\"</span> <span class=\"hljs-attr\">v-decorator</span>=<span class=\"hljs-string\">\"[\'${javaField}\'&lt;#if column.isRequired&gt;, {rules: [{required: true, message: \'请输入${columnComment}\'}]}&lt;/#if&gt;]\"</span>/&gt;</span>\n      <span class=\"hljs-tag\">&lt;/<span class=\"hljs-name\">a-form-item</span>&gt;</span>\n&lt;#elseif column.htmlType == \"dropdown\"&gt;\n      <span class=\"hljs-tag\">&lt;<span class=\"hljs-name\">a-form-item</span> <span class=\"hljs-attr\">:labelCol</span>=<span class=\"hljs-string\">\"labelCol\"</span> <span class=\"hljs-attr\">:wrapperCol</span>=<span class=\"hljs-string\">\"wrapperCol\"</span> <span class=\"hljs-attr\">label</span>=<span class=\"hljs-string\">\"${columnComment}\"</span>&gt;</span>\n        <span class=\"hljs-tag\">&lt;<span class=\"hljs-name\">a-select</span> <span class=\"hljs-attr\">allow-clear</span> <span class=\"hljs-attr\">placeholder</span>=<span class=\"hljs-string\">\"请选择${columnComment}\"</span> <span class=\"hljs-attr\">v-decorator</span>=<span class=\"hljs-string\">\"[\'${javaField}\'&lt;#if column.isRequired&gt;, {rules: [{required: true, message: \'请选择${columnComment}\'}]}&lt;/#if&gt;]\"</span>&gt;</span>\n          <span class=\"hljs-tag\">&lt;<span class=\"hljs-name\">a-select-option</span> <span class=\"hljs-attr\">v-for</span>=<span class=\"hljs-string\">\"(item,index) in ${javaField}DictTypeDropDown\"</span> <span class=\"hljs-attr\">:key</span>=<span class=\"hljs-string\">\"index\"</span> <span class=\"hljs-attr\">:value</span>=<span class=\"hljs-string\">\"item.key\"</span> &gt;</span>\n            {{ <span class=\"hljs-name\">item.name</span> }}\n          <span class=\"hljs-tag\">&lt;/<span class=\"hljs-name\">a-select-option</span>&gt;</span>\n        <span class=\"hljs-tag\">&lt;/<span class=\"hljs-name\">a-select</span>&gt;</span>\n      <span class=\"hljs-tag\">&lt;/<span class=\"hljs-name\">a-form-item</span>&gt;</span>\n&lt;#elseif column.htmlType == \"text\"&gt;\n      <span class=\"hljs-tag\">&lt;<span class=\"hljs-name\">a-form-item</span> <span class=\"hljs-attr\">:labelCol</span>=<span class=\"hljs-string\">\"labelCol\"</span> <span class=\"hljs-attr\">:wrapperCol</span>=<span class=\"hljs-string\">\"wrapperCol\"</span> <span class=\"hljs-attr\">label</span>=<span class=\"hljs-string\">\"${columnComment}\"</span> <span class=\"hljs-attr\">has-feedback</span>&gt;</span>\n        <span class=\"hljs-tag\">&lt;<span class=\"hljs-name\">a-textarea</span> <span class=\"hljs-attr\">allow-clear</span> <span class=\"hljs-attr\">placeholder</span>=<span class=\"hljs-string\">\"${columnComment}\"</span> <span class=\"hljs-attr\">:auto-size</span>=<span class=\"hljs-string\">\"{ minRows: 3, maxRows: 8 }\"</span> <span class=\"hljs-attr\">v-decorator</span>=<span class=\"hljs-string\">\"[\'${javaField}\']\"</span>/&gt;</span>\n      <span class=\"hljs-tag\">&lt;/<span class=\"hljs-name\">a-form-item</span>&gt;</span>\n&lt;#elseif column.htmlType == \"radio\"&gt;\n      <span class=\"hljs-tag\">&lt;<span class=\"hljs-name\">a-form-item</span> <span class=\"hljs-attr\">:labelCol</span>=<span class=\"hljs-string\">\"labelCol\"</span> <span class=\"hljs-attr\">:wrapperCol</span>=<span class=\"hljs-string\">\"wrapperCol\"</span> <span class=\"hljs-attr\">label</span>=<span class=\"hljs-string\">\"${columnComment}\"</span> <span class=\"hljs-attr\">has-feedback</span>&gt;</span>\n        <span class=\"hljs-tag\">&lt;<span class=\"hljs-name\">a-radio-group</span> <span class=\"hljs-attr\">name</span>=<span class=\"hljs-string\">\"${columnComment}\"</span> <span class=\"hljs-attr\">v-decorator</span>=<span class=\"hljs-string\">\"[\'${javaField}\'&lt;#if column.isRequired&gt;, {rules: [{required: true, message: \'请选择${columnComment}\'}]}&lt;/#if&gt;]\"</span>&gt;</span>\n          <span class=\"hljs-tag\">&lt;<span class=\"hljs-name\">a-radio</span> <span class=\"hljs-attr\">v-for</span>=<span class=\"hljs-string\">\"(item,index) in ${javaField}DictRadio\"</span> <span class=\"hljs-attr\">:key</span>=<span class=\"hljs-string\">\"index\"</span> <span class=\"hljs-attr\">:value</span>=<span class=\"hljs-string\">\"item.key\"</span>&gt;</span>\n            {{ <span class=\"hljs-name\">item.name</span> }}\n          <span class=\"hljs-tag\">&lt;/<span class=\"hljs-name\">a-radio</span>&gt;</span>\n        <span class=\"hljs-tag\">&lt;/<span class=\"hljs-name\">a-radio-group</span>&gt;</span>\n      <span class=\"hljs-tag\">&lt;/<span class=\"hljs-name\">a-form-item</span>&gt;</span>\n&lt;#elseif column.htmlType == \"checkbox\"&gt;\n      <span class=\"hljs-tag\">&lt;<span class=\"hljs-name\">a-form-item</span> <span class=\"hljs-attr\">:labelCol</span>=<span class=\"hljs-string\">\"labelCol\"</span> <span class=\"hljs-attr\">:wrapperCol</span>=<span class=\"hljs-string\">\"wrapperCol\"</span> <span class=\"hljs-attr\">label</span>=<span class=\"hljs-string\">\"${columnComment}\"</span>&gt;</span>\n        <span class=\"hljs-tag\">&lt;<span class=\"hljs-name\">a-checkbox</span> <span class=\"hljs-attr\">:indeterminate</span>=<span class=\"hljs-string\">\"indeterminate\"</span> <span class=\"hljs-attr\">:checked</span>=<span class=\"hljs-string\">\"checkAll\"</span> @<span class=\"hljs-attr\">change</span>=<span class=\"hljs-string\">\"onCheckAllChange\"</span>&gt;</span>\n          Check all\n        <span class=\"hljs-tag\">&lt;/<span class=\"hljs-name\">a-checkbox</span>&gt;</span>\n        <span class=\"hljs-tag\">&lt;<span class=\"hljs-name\">a-checkbox-group</span> <span class=\"hljs-attr\">v-model</span>=<span class=\"hljs-string\">\"checkboxList\"</span> @<span class=\"hljs-attr\">change</span>=<span class=\"hljs-string\">\"checkboxOnChange\"</span>&gt;</span>\n          <span class=\"hljs-tag\">&lt;<span class=\"hljs-name\">a-checkbox</span> <span class=\"hljs-attr\">v-for</span>=<span class=\"hljs-string\">\"(item,index) in ${javaField}DictRadio\"</span> <span class=\"hljs-attr\">:key</span>=<span class=\"hljs-string\">\"index\"</span> <span class=\"hljs-attr\">:value</span>=<span class=\"hljs-string\">\"item.key\"</span>&gt;</span>\n            {{ <span class=\"hljs-name\">item.name</span> }}\n          <span class=\"hljs-tag\">&lt;/<span class=\"hljs-name\">a-checkbox</span>&gt;</span>\n        <span class=\"hljs-tag\">&lt;/<span class=\"hljs-name\">a-checkbox-group</span>&gt;</span>\n      <span class=\"hljs-tag\">&lt;/<span class=\"hljs-name\">a-form-item</span>&gt;</span>\n&lt;#else&gt;\n&lt;/#if&gt;\n&lt;/#if&gt;\n&lt;/#list&gt;\n    <span class=\"hljs-tag\">&lt;/<span class=\"hljs-name\">a-form</span>&gt;</span>\n  <span class=\"hljs-tag\">&lt;/<span class=\"hljs-name\">a-modal</span>&gt;</span>\n<span class=\"hljs-tag\">&lt;/<span class=\"hljs-name\">template</span>&gt;</span>\n\n<span class=\"hljs-tag\">&lt;<span class=\"hljs-name\">script</span>&gt;</span>\n<span class=\"hljs-keyword\">import</span> { save${className} } <span class=\"hljs-keyword\">from</span> <span class=\"hljs-string\">\'@/api/${moduleName}/${businessName}/${objectName}\'</span>\n<span class=\"hljs-keyword\">import</span> pick <span class=\"hljs-keyword\">from</span> <span class=\"hljs-string\">\'lodash.pick\'</span>\n&lt;#list tableColumns <span class=\"hljs-keyword\">as</span> column&gt;\n&lt;#<span class=\"hljs-keyword\">if</span> column.htmlType == <span class=\"hljs-string\">\"dropdown\"</span>&gt;\n<span class=\"hljs-keyword\">import</span> { sysDictTypeDropDown } <span class=\"hljs-keyword\">from</span> <span class=\"hljs-string\">\'@/api/system/dict/sysDictType\'</span>\n&lt;#<span class=\"hljs-keyword\">break</span>&gt;\n&lt;/#<span class=\"hljs-keyword\">if</span>&gt;\n&lt;/#list&gt;\n\n<span class=\"hljs-keyword\">export</span> <span class=\"hljs-keyword\">default</span> {\n  <span class=\"hljs-attr\">name</span>: <span class=\"hljs-string\">\'${className}Modal\'</span>,\n  <span class=\"hljs-attr\">props</span>: {},\n  <span class=\"hljs-attr\">components</span>: {},\n  data () {\n    <span class=\"hljs-keyword\">return</span> {\n      <span class=\"hljs-attr\">visible</span>: <span class=\"hljs-literal\">false</span>,\n      <span class=\"hljs-attr\">labelCol</span>: {\n        <span class=\"hljs-attr\">xs</span>: { <span class=\"hljs-attr\">span</span>: <span class=\"hljs-number\">24</span> },\n        <span class=\"hljs-attr\">sm</span>: { <span class=\"hljs-attr\">span</span>: <span class=\"hljs-number\">5</span> }\n      },\n      <span class=\"hljs-attr\">wrapperCol</span>: {\n        <span class=\"hljs-attr\">xs</span>: { <span class=\"hljs-attr\">span</span>: <span class=\"hljs-number\">24</span> },\n        <span class=\"hljs-attr\">sm</span>: { <span class=\"hljs-attr\">span</span>: <span class=\"hljs-number\">16</span> }\n      },\n      <span class=\"hljs-attr\">confirmLoading</span>: <span class=\"hljs-literal\">false</span>,\n      <span class=\"hljs-attr\">mdl</span>: {},\n      <span class=\"hljs-attr\">form</span>: <span class=\"hljs-built_in\">this</span>.$form.createForm(<span class=\"hljs-built_in\">this</span>),\n&lt;#list tableColumns <span class=\"hljs-keyword\">as</span> column&gt;\n&lt;#<span class=\"hljs-keyword\">if</span> column.htmlType == <span class=\"hljs-string\">\"dropdown\"</span>&gt;\n      ${column.javaField}DictTypeDropDown: [],\n&lt;#elseif column.htmlType == <span class=\"hljs-string\">\"radio\"</span>&gt;\n      ${column.javaField}DictRadio: [],\n&lt;#elseif column.htmlType == <span class=\"hljs-string\">\"checkbox\"</span>&gt;\n      ${column.javaField}DictCheckbox: [],\n      <span class=\"hljs-attr\">checkboxList</span>: [],\n      <span class=\"hljs-attr\">indeterminate</span>: <span class=\"hljs-literal\">true</span>,\n      <span class=\"hljs-attr\">checkAll</span>: <span class=\"hljs-literal\">false</span>,\n&lt;#<span class=\"hljs-keyword\">else</span>&gt;\n&lt;/#<span class=\"hljs-keyword\">if</span>&gt;\n&lt;/#list&gt;\n      title: <span class=\"hljs-string\">\'\'</span>\n    }\n  },\n  beforeCreate () {},\n  created () {\n    <span class=\"hljs-built_in\">this</span>.sysDictTypeDropDown()\n  },\n  <span class=\"hljs-attr\">methods</span>: {\n    <span class=\"hljs-comment\">// 添加</span>\n    add () {\n      <span class=\"hljs-built_in\">this</span>.form.resetFields()\n      <span class=\"hljs-built_in\">this</span>.edit({ ${primaryKeyColumn}: <span class=\"hljs-number\">0</span> })\n    },\n    <span class=\"hljs-comment\">// 编辑修改</span>\n    edit (record) {\n      <span class=\"hljs-built_in\">this</span>.mdl = <span class=\"hljs-built_in\">Object</span>.assign(record)\n      <span class=\"hljs-built_in\">this</span>.title = record.${primaryKeyColumn} === <span class=\"hljs-number\">0</span> ? <span class=\"hljs-string\">\'添加&lt;#if comment??&gt;${comment}&lt;/#if&gt;\'</span> : <span class=\"hljs-string\">\'修改&lt;#if comment??&gt;${comment}&lt;/#if&gt;\'</span>\n      <span class=\"hljs-built_in\">this</span>.visible = <span class=\"hljs-literal\">true</span>\n      <span class=\"hljs-built_in\">this</span>.$nextTick(<span class=\"hljs-function\">() =&gt;</span> {\n        <span class=\"hljs-built_in\">this</span>.form.setFieldsValue(pick(<span class=\"hljs-built_in\">this</span>.mdl, &lt;#list tableColumns <span class=\"hljs-keyword\">as</span> column&gt;&lt;#<span class=\"hljs-keyword\">if</span> column.htmlType != <span class=\"hljs-string\">\'datetime\'</span>&gt;&lt;#<span class=\"hljs-keyword\">if</span> column_index = <span class=\"hljs-number\">0</span>&gt;<span class=\"hljs-string\">\'${column.javaField}\'</span>&lt;#elseif column_has_next&gt;, <span class=\"hljs-string\">\'${column.javaField}\'</span>&lt;<span class=\"hljs-regexp\">/#if&gt;&lt;/</span>#<span class=\"hljs-keyword\">if</span>&gt;&lt;/#list&gt;))\n      })\n    },\n    <span class=\"hljs-comment\">// 加载字典</span>\n    sysDictTypeDropDown () {\n&lt;#list tableColumns <span class=\"hljs-keyword\">as</span> column&gt;\n&lt;#<span class=\"hljs-keyword\">if</span> column.htmlType == <span class=\"hljs-string\">\"dropdown\"</span>&gt;\n      sysDictTypeDropDown({ <span class=\"hljs-attr\">code</span>: <span class=\"hljs-string\">\'${column.javaField}\'</span> }).then(<span class=\"hljs-function\">(<span class=\"hljs-params\">res</span>) =&gt;</span> {\n        <span class=\"hljs-built_in\">this</span>.${column.javaField}DictTypeDropDown = res.data\n      })\n&lt;#elseif column.htmlType == <span class=\"hljs-string\">\"radio\"</span>&gt;\n      sysDictTypeDropDown({ <span class=\"hljs-attr\">code</span>: <span class=\"hljs-string\">\'${column.javaField}\'</span> }).then(<span class=\"hljs-function\">(<span class=\"hljs-params\">res</span>) =&gt;</span> {\n        <span class=\"hljs-built_in\">this</span>.${column.javaField}DictRadio = res.data\n      })\n&lt;#elseif column.htmlType == <span class=\"hljs-string\">\"checkbox\"</span>&gt;\n      sysDictTypeDropDown({ <span class=\"hljs-attr\">code</span>: <span class=\"hljs-string\">\'${column.javaField}\'</span> }).then(<span class=\"hljs-function\">(<span class=\"hljs-params\">res</span>) =&gt;</span> {\n        <span class=\"hljs-built_in\">this</span>.${column.javaField}DictCheckbox = res.data\n      })\n&lt;/#<span class=\"hljs-keyword\">if</span>&gt;\n&lt;/#list&gt;\n    },\n&lt;#list tableColumns <span class=\"hljs-keyword\">as</span> column&gt;\n&lt;#<span class=\"hljs-keyword\">if</span> column.htmlType == <span class=\"hljs-string\">\"checkbox\"</span>&gt;\n    <span class=\"hljs-comment\">// 处理多选框全选</span>\n    onChange (checkedList) {\n      <span class=\"hljs-built_in\">this</span>.indeterminate = !!checkedList.length &amp;&amp; checkedList.length &lt; ${column.javaField}DictCheckbox.length;\n      <span class=\"hljs-built_in\">this</span>.checkAll = checkedList.length === ${column.javaField}DictCheckbox.length;\n    },\n    <span class=\"hljs-function\"><span class=\"hljs-title\">onCheckAllChange</span>(<span class=\"hljs-params\">e</span>)</span> {\n      <span class=\"hljs-built_in\">Object</span>.assign(<span class=\"hljs-built_in\">this</span>, {\n        <span class=\"hljs-attr\">checkedList</span>: e.target.checked ? ${column.javaField}DictCheckbox : [],\n        <span class=\"hljs-attr\">indeterminate</span>: <span class=\"hljs-literal\">false</span>,\n        <span class=\"hljs-attr\">checkAll</span>: e.target.checked,\n      });\n    },\n&lt;/#<span class=\"hljs-keyword\">if</span>&gt;\n&lt;/#list&gt;\n    <span class=\"hljs-comment\">// 提交数据</span>\n    handleSubmit (e) {\n      e.preventDefault()\n      <span class=\"hljs-built_in\">this</span>.form.validateFields(<span class=\"hljs-function\">(<span class=\"hljs-params\">err, values</span>) =&gt;</span> {\n        <span class=\"hljs-keyword\">if</span> (!err) {\n          <span class=\"hljs-built_in\">this</span>.confirmLoading = <span class=\"hljs-literal\">true</span>\n&lt;#list tableColumns <span class=\"hljs-keyword\">as</span> column&gt;\n&lt;#<span class=\"hljs-keyword\">if</span> column.htmlType == <span class=\"hljs-string\">\"checkbox\"</span>&gt;\n          values.${column} == checkboxList.join(<span class=\"hljs-string\">\',\'</span>)\n&lt;/#<span class=\"hljs-keyword\">if</span>&gt;\n&lt;/#list&gt;\n          save${className}(values).then(<span class=\"hljs-function\"><span class=\"hljs-params\">res</span> =&gt;</span> {\n            <span class=\"hljs-keyword\">if</span> (res.code === <span class=\"hljs-number\">200</span>) {\n              <span class=\"hljs-built_in\">this</span>.$message.success(<span class=\"hljs-string\">\'保存成功\'</span>)\n              <span class=\"hljs-built_in\">this</span>.$emit(<span class=\"hljs-string\">\'ok\'</span>)\n              <span class=\"hljs-built_in\">this</span>.visible = <span class=\"hljs-literal\">false</span>\n            } <span class=\"hljs-keyword\">else</span> {\n              <span class=\"hljs-built_in\">this</span>.$message.error(res.message)\n            }\n          }).catch(<span class=\"hljs-function\">() =&gt;</span> {\n            <span class=\"hljs-built_in\">this</span>.$message.error(<span class=\"hljs-string\">\'系统错误，请稍后再试\'</span>)\n          }).finally(<span class=\"hljs-function\">() =&gt;</span> {\n            <span class=\"hljs-built_in\">this</span>.confirmLoading = <span class=\"hljs-literal\">false</span>\n          })\n        }\n      })\n    }\n  }\n}\n<span class=\"hljs-tag\">&lt;/<span class=\"hljs-name\">script</span>&gt;</span>\n</pre>',
        'vue', 0, 1, now());
COMMIT;

SET FOREIGN_KEY_CHECKS = 1;
